Food Item,Calories,Carbs (g),Fat (g),Protein (g)
Salt table,0.0,0.0,0.0,0.0
Black pepper ground,16.0,4.0,0.2,1.0
Olive oil,119.0,0.0,14.0,0.0
Egg whole,72.0,0.4,5.0,6.0
Onion raw,44.0,10.0,0.1,1.0
Garlic raw,4.0,1.0,0.0,0.2
"Chicken breast raw, skinless",142.0,0.0,3.0,27.0
"Tomatoes red, raw",22.0,5.0,0.2,1.0
Butter unsalted,102.0,0.0,12.0,0.1
Banana,105.0,27.0,0.4,1.0
Water,0.0,0.0,0.0,0.0
Spinach raw,7.0,1.0,0.1,1.0
Red bell pepper raw,37.0,7.0,0.4,1.0
"Whey protein powder 100% whey, any flavor",120.0,3.0,1.0,24.0
Cheddar cheese,115.0,0.4,10.0,7.0
Lemon juice,3.0,1.0,0.0,0.1
Romaine lettuce raw,8.0,2.0,0.1,1.0
Carrots raw,30.0,7.0,0.2,1.0
Avocado raw,322.0,17.0,29.0,4.0
Cinnamon ground,19.0,6.0,0.1,0.3
Egg white raw,21.0,0.3,0.1,4.0
Honey,64.0,17.0,0.0,0.1
Whole wheat bread,71.0,12.0,1.0,3.0
Garlic powder,32.0,7.0,0.1,2.0
"Rolled oats dry oatmeal, Quaker brand",267.0,58.0,2.0,10.0
Celery raw,6.0,1.0,0.1,0.3
Almond milk,60.0,8.0,2.0,1.0
Strawberries raw,46.0,11.0,0.4,1.0
"Peanut butter chunky, unsalted",94.0,3.0,8.0,4.0
"Cucumber raw, with peel",45.0,11.0,0.3,2.0
Parmesan cheese shredded,21.0,0.2,1.0,2.0
"Light tuna canned in water, drained",24.0,0.0,0.3,6.0
Coconut oil,117.0,0.0,14.0,0.0
Light mayonnaise,36.0,1.0,3.0,0.1
"Greek yogurt plain, nonfat",142.0,9.0,1.0,24.0
2% milk,122.0,12.0,5.0,8.0
Vanilla extract,37.0,2.0,0.0,0.0
Cumin seed,34.0,4.0,2.0,2.0
"Cilantro raw, coriander leaves",0.2,0.0,0.0,0.0
Parsley raw,1.0,0.2,0.0,0.1
Scallions raw,5.0,1.0,0.0,0.3
"Zucchini raw, with skin",33.0,6.0,1.0,2.0
Granulated sugar white,774.0,200.0,0.0,0.0
Broccoli raw,31.0,6.0,0.3,3.0
White mushrooms raw,21.0,3.0,0.3,3.0
"Bacon raw, cured pork",118.0,0.4,11.0,4.0
"Canola oil high stability, non-trans, high oleic (70%)",124.0,0.0,14.0,0.0
Oregano dried,8.0,2.0,0.1,0.3
Green bell pepper raw,24.0,6.0,0.2,1.0
Flour tortillas,135.0,24.0,3.0,4.0
Cayenne pepper,17.0,3.0,1.0,1.0
Chili powder,21.0,4.0,1.0,1.0
Apple with skin,95.0,25.0,0.3,0.5
Paprika,19.0,4.0,1.0,1.0
"Soy sauce regular sodium, shoyu",8.0,1.0,0.1,1.0
Blueberries raw,84.0,21.0,0.5,1.0
"Ground beef raw, 80/20",72.0,0.0,6.0,5.0
Brown sugar,551.0,142.0,0.0,0.2
Mozzarella cheese part-skim,72.0,1.0,5.0,7.0
Basil,0.1,0.0,0.0,0.0
Whole wheat flour whole-grain,408.0,86.0,3.0,16.0
Whole milk,149.0,12.0,8.0,8.0
Balsamic vinegar,224.0,43.0,0.0,1.0
Chia seeds dried,58.0,5.0,4.0,2.0
Dijon mustard Grey Poupon,15.0,1.0,1.0,1.0
Lime juice,61.0,20.0,0.2,1.0
Rolled oats dry oatmeal,266.0,59.0,2.0,9.0
Salsa,75.0,17.0,0.4,4.0
Almonds raw,828.0,31.0,71.0,30.0
Ground ginger,18.0,4.0,0.2,0.5
Cocoa powder unsweetened,196.0,50.0,12.0,17.0
1% milk,102.0,12.0,2.0,8.0
Heavy whipping cream,821.0,7.0,88.0,5.0
Onion powder,24.0,5.0,0.1,1.0
Kale raw,33.0,6.0,1.0,3.0
Crushed red pepper flakes,14.0,3.0,1.0,1.0
Cottage cheese 1% milkfat,163.0,6.0,2.0,28.0
Feta cheese,75.0,1.0,6.0,4.0
Sweet potato raw,112.0,26.0,0.1,2.0
Maple syrup,52.0,13.0,0.0,0.0
"Tomatoes canned, packed in tomato juice",38.0,8.0,1.0,2.0
"Potato raw, with skin",284.0,64.0,0.3,7.0
Cauliflower raw,27.0,5.0,0.3,2.0
Ginger root raw,5.0,1.0,0.0,0.1
"Roma tomatoes red, raw",11.0,2.0,0.1,1.0
"Cherry tomatoes red, raw",27.0,6.0,0.3,1.0
Ice cubes,0.0,0.0,0.0,0.0
Flaxseed,897.0,49.0,71.0,31.0
Sesame oil,120.0,0.0,14.0,0.0
"Ham sliced, regular, 11% fat",46.0,1.0,2.0,5.0
"Black beans canned, low-sodium, drained",237.0,43.0,1.0,16.0
Thyme dried,7.0,2.0,0.2,0.2
Cream cheese low fat,30.0,1.0,2.0,1.0
"White rice long-grain, regular, raw, enriched",675.0,148.0,1.0,13.0
Curry powder,20.0,4.0,1.0,1.0
Almond butter unsalted,98.0,3.0,9.0,3.0
Chives raw,1.0,0.1,0.0,0.1
Parmesan cheese grated,119.0,4.0,8.0,8.0
Asparagus raw,3.0,1.0,0.0,0.4
Butter salted,102.0,0.0,12.0,0.1
Ground turkey raw,42.0,0.0,2.0,6.0
Coconut milk canned,445.0,6.0,48.0,5.0
"Peanut butter smooth, unsalted",96.0,4.0,8.0,4.0
"Chicken broth canned, reduced sodium",17.0,1.0,0.0,3.0
Basil dried,5.0,1.0,0.1,0.5
Tamari soy sauce,11.0,1.0,0.0,2.0
Jalapeno peppers raw,4.0,1.0,0.1,0.1
"Brown rice long-grain, raw",685.0,143.0,5.0,15.0
Distilled vinegar,43.0,0.1,0.0,0.0
Yellow mustard,9.0,1.0,1.0,1.0
"Lemon raw, with peel",22.0,12.0,0.3,1.0
Whole wheat pasta dry,99.0,21.0,0.4,4.0
Hummus commercially prepared,25.0,2.0,1.0,1.0
"Strawberries frozen, unsweetened",52.0,14.0,0.2,1.0
California avocado raw,227.0,12.0,21.0,3.0
"Sour cream reduced fat, cultured",327.0,10.0,29.0,7.0
Black walnuts dried,774.0,12.0,74.0,30.0
"Chicken breast cooked, roasted, skinless",142.0,0.0,3.0,27.0
"Baking powder double-acting, sodium aluminum sulfate",7.0,4.0,0.0,0.0
"Blueberries frozen, unsweetened",79.0,19.0,1.0,1.0
"Greek yogurt plain, whole fat",338.0,8.0,24.0,20.0
Quinoa raw,626.0,109.0,10.0,24.0
"Turkey deli-sliced, rotisserie, white meat",11.0,1.0,0.3,1.0
Mango raw,124.0,31.0,1.0,2.0
"Tomato paste canned, unsalted",215.0,50.0,1.0,11.0
Cooking spray Pam brand,2.0,0.1,0.2,0.0
Raisins seedless,434.0,115.0,1.0,4.0
Raspberries raw,64.0,15.0,1.0,1.0
Shrimp raw,20.0,0.3,0.3,4.0
Portobello mushrooms raw,18.0,3.0,0.3,2.0
Red wine vinegar,45.0,1.0,0.0,0.1
Cabbage raw,227.0,53.0,1.0,12.0
"Atlantic salmon wild, raw",40.0,0.0,2.0,6.0
White bread,67.0,12.0,1.0,2.0
Chickpeas canned,211.0,32.0,5.0,12.0
Arugula raw,5.0,1.0,0.1,1.0
Turmeric ground,21.0,5.0,0.2,1.0
Green beans raw,9.0,2.0,0.1,1.0
Canola oil,124.0,0.0,14.0,0.0
Scallions tops only,3.0,1.0,0.1,0.1
Shallots raw,31.0,7.0,0.0,1.0
"Silken tofu firm, silken, Mori-nu brand",18.0,1.0,1.0,2.0
Lime raw,20.0,7.0,0.1,0.5
Skim milk,83.0,12.0,0.2,8.0
"Vegetable broth from bouillon, low-sodium",17.0,2.0,0.0,2.0
Cornstarch,29.0,7.0,0.0,0.0
Baking soda,0.0,0.0,0.0,0.0
Orange juice,117.0,27.0,0.4,2.0
"Breadcrumbs dry, grated, plain",427.0,78.0,6.0,14.0
Dill,0.2,0.0,0.0,0.0
Dill pickles,19.0,4.0,0.5,1.0
"Egg whole, cooked, hard-boiled",78.0,1.0,5.0,6.0
Rice wine vinegar,3.0,0.0,0.0,0.0
Rosemary dried,11.0,2.0,1.0,0.2
"Spinach frozen, chopped or leaf",45.0,7.0,1.0,6.0
Nutmeg ground,37.0,3.0,3.0,0.4
Green peas frozen,103.0,18.0,1.0,7.0
"Mayonnaise-like dressing regular, salted",37.0,2.0,3.0,0.1
"Cucumber raw, peeled",34.0,6.0,0.4,2.0
"Black olives ripe, canned, small-extra large",155.0,8.0,14.0,1.0
Swiss cheese,108.0,2.0,8.0,8.0
"Sweet corn yellow, canned, whole kernel, drained",116.0,25.0,2.0,4.0
Hot sauce,1.0,0.1,0.0,0.0
Tomato sauce unsalted,59.0,13.0,1.0,3.0
"Sesame seeds whole, dried",52.0,2.0,4.0,2.0
Worcestershire sauce,13.0,3.0,0.0,0.0
"Spaghetti dry, enriched",105.0,21.0,0.4,4.0
Chicken thigh raw,208.0,0.2,16.0,16.0
Lentils raw,676.0,122.0,2.0,47.0
Taco seasoning mix dry,5.0,1.0,0.0,0.0
Marinara sauce,126.0,19.0,4.0,4.0
Mozzarella cheese whole milk,85.0,1.0,6.0,6.0
Parsley dried,5.0,1.0,0.1,0.4
Sweet onion raw,106.0,25.0,0.3,3.0
Monterey Jack cheese,106.0,0.2,9.0,7.0
Cream cheese,50.0,1.0,5.0,1.0
Chicken stock home-prepared,86.0,8.0,3.0,6.0
Brewed coffee,2.0,0.0,0.0,0.3
Plain yogurt low fat,154.0,17.0,4.0,13.0
Baby carrots raw,86.0,20.0,0.3,2.0
"All-purpose flour white, unenriched",455.0,95.0,1.0,13.0
Lemon zest,2.0,0.5,0.0,0.0
Corn pasta dry,101.0,22.0,1.0,2.0
"Bacon cured pork, cooked, pan-fried",37.0,0.1,3.0,3.0
Mixed vegetables frozen,162.0,30.0,1.0,7.0
Pecans,684.0,14.0,71.0,9.0
Barbecue sauce,30.0,7.0,0.1,0.1
Whole wheat pita bread,170.0,35.0,2.0,6.0
Coriander seed,15.0,3.0,1.0,1.0
Apple cider vinegar,50.0,2.0,0.0,0.0
Kidney beans canned,215.0,37.0,2.0,13.0
Oats,607.0,103.0,11.0,26.0
"Chicken broth canned, ready-to-serve",14.0,1.0,1.0,2.0
Tarragon dried,5.0,1.0,0.1,0.4
Goat cheese soft,75.0,0.0,6.0,5.0
Bay leaf dried,1.0,0.1,0.0,0.0
Iceberg lettuce raw,8.0,2.0,0.1,1.0
Ketchup,233.0,60.0,1.0,4.0
Broccoli florets raw,20.0,4.0,0.2,2.0
White wine table,121.0,4.0,0.0,0.1
Eggplant raw,137.0,32.0,1.0,5.0
Pineapple raw,83.0,22.0,0.2,1.0
Baking powder low-sodium,15.0,7.0,0.1,0.0
Multigrain bread includes whole grain,69.0,11.0,1.0,3.0
"Peanut butter smooth, salted",96.0,4.0,8.0,4.0
Brussels sprouts raw,38.0,8.0,0.3,3.0
Oranges,62.0,15.0,0.2,1.0
"Tomatoes canned, crushed",77.0,17.0,1.0,4.0
"Sweet corn yellow, raw",88.0,19.0,1.0,3.0
Wheat bread,67.0,12.0,1.0,3.0
Green leaf lettuce raw,5.0,1.0,0.1,0.5
"Pineapple canned, water pack, solids and liquids",79.0,20.0,0.2,1.0
"European grapes raw, red or green",104.0,27.0,0.2,1.0
Corn tortillas,52.0,11.0,1.0,1.0
Granola,597.0,65.0,29.0,18.0
Quick oats dry,297.0,55.0,5.0,11.0
"American cheese pasteurized process, low fat",38.0,1.0,1.0,5.0
Mexican cheese blend reduced fat,80.0,1.0,5.0,7.0
Hamburger bun mixed-grain,113.0,19.0,3.0,4.0
Peach,59.0,14.0,0.4,1.0
Red chili pepper raw,18.0,4.0,0.2,1.0
Jam,56.0,14.0,0.0,0.1
"Coconut meat dried (desiccated), sweetened, flaked, packaged",388.0,44.0,24.0,3.0
Provolone cheese,100.0,1.0,8.0,7.0
Chicken breast raw,249.0,0.0,13.0,30.0
"Red potato raw, with skin",119.0,27.0,0.2,3.0
Black beans raw,662.0,121.0,3.0,42.0
Cashews raw,758.0,41.0,60.0,25.0
Cheddar cheese low fat,49.0,1.0,2.0,7.0
"Cranberries dried, sweetened",123.0,33.0,1.0,0.0
Red leaf lettuce raw,4.0,1.0,0.1,0.4
"Broccoli frozen, chopped",41.0,7.0,0.5,4.0
Tilapia raw,27.0,0.0,0.5,6.0
Medjool dates,66.0,18.0,0.0,0.4
"Sunflower seed kernels dry roasted, unsalted",51.0,2.0,4.0,2.0
Pears raw,101.0,27.0,0.2,1.0
Caesar salad dressing low-calorie,264.0,45.0,11.0,1.0
Capers canned,2.0,0.4,0.1,0.2
Red cabbage raw,260.0,62.0,1.0,12.0
Leeks raw,54.0,13.0,0.3,1.0
"Russet potato raw, with skin",292.0,67.0,0.3,8.0
"Yellow bell pepper sweet, raw",50.0,12.0,0.4,2.0
Nonfat yogurt skim milk,137.0,19.0,0.4,14.0
Canned chicken no broth,379.0,2.0,17.0,52.0
Dill weed dried,8.0,2.0,0.1,1.0
Pink salmon raw,36.0,0.0,1.0,6.0
Chickpeas raw,756.0,126.0,12.0,41.0
Egg yolk raw,55.0,1.0,5.0,3.0
Italian dressing reduced fat,15.0,1.0,1.0,0.1
Shiitake mushrooms raw,6.0,1.0,0.1,0.4
"Sucralose Splenda, packets",3.0,1.0,0.0,0.0
"Winter squash all varieties, raw",39.0,10.0,0.2,1.0
Blue cheese,100.0,1.0,8.0,6.0
Ground sage,6.0,1.0,0.3,0.2
Rosemary,2.0,0.4,0.1,0.1
Thyme,2.0,1.0,0.0,0.1
Tahini roasted,89.0,3.0,8.0,3.0
"Green olives pickled, canned or bottled",195.0,5.0,21.0,1.0
Butterhead lettuce raw,7.0,1.0,0.1,1.0
Radishes raw,1.0,0.2,0.0,0.0
"Brown rice long-grain, cooked",216.0,45.0,2.0,5.0
"Multigrain bread toasted, includes whole grain",69.0,11.0,1.0,3.0
Ranch dressing reduced fat,29.0,3.0,2.0,0.2
Beets raw,35.0,8.0,0.1,1.0
Sourdough bread French/Vienna style,261.0,50.0,2.0,10.0
"Grape tomatoes red, raw",27.0,6.0,0.3,1.0
Fish sauce,6.0,1.0,0.0,1.0
Ricotta cheese part-skim milk,39.0,1.0,2.0,3.0
White beans canned,299.0,56.0,1.0,19.0
Strawberry jam,56.0,14.0,0.0,0.1
Sour cream,444.0,7.0,45.0,5.0
Avocado oil,124.0,0.0,14.0,0.0
"Pepperoni pork, beef",138.0,0.0,12.0,6.0
Allspice ground,16.0,4.0,1.0,0.4
Instant coffee powder,11.0,2.0,0.0,0.4
Sun-dried tomatoes,139.0,30.0,2.0,8.0
"Beef chuck arm pot roast raw, separable lean and fat, trimmed to 1/8"" fat, all grades",69.0,0.0,5.0,5.0
"Italian sausage pork, raw",346.0,1.0,31.0,14.0
"Egg noodles dry, enriched",109.0,20.0,1.0,4.0
Alfalfa sprouts raw,8.0,1.0,0.2,1.0
Poultry seasoning,14.0,3.0,0.3,0.4
"Pumpkin canned, unsalted",83.0,20.0,1.0,3.0
Pepitas dried,721.0,14.0,63.0,39.0
"Sweet corn yellow, frozen, kernels cut off cob",120.0,28.0,1.0,4.0
Teriyaki sauce,16.0,3.0,0.0,1.0
"Smoked sausage smoked, beef, pork, chicken, skinless",181.0,7.0,12.0,11.0
Tomato sauce canned,59.0,13.0,1.0,3.0
"Turkey sliced, light meat",26.0,1.0,1.0,4.0
Half-and-half,315.0,10.0,28.0,7.0
"Peanut butter chunky, salted",94.0,3.0,8.0,4.0
"Chicken bouillon dry, cubed",11.0,1.0,1.0,1.0
White pepper ground,21.0,5.0,0.2,1.0
Rye bread,83.0,15.0,1.0,3.0
Pine nuts dried,909.0,18.0,92.0,18.0
Parmesan cheese low sodium,451.0,4.0,30.0,42.0
Ground chicken raw,41.0,0.0,2.0,5.0
Spearmint,0.0,0.0,0.0,0.0
"Beef tenderloin raw, separable lean and fat, trimmed to 1/8"" fat, all grades",70.0,0.0,5.0,6.0
"Beef broth ready-to-serve, canned",17.0,0.1,1.0,3.0
Quinoa cooked,222.0,39.0,4.0,8.0
Flaxseed oil,120.0,0.0,14.0,0.0
Blackberries raw,62.0,14.0,1.0,2.0
"Kiwi green, raw",42.0,10.0,0.4,1.0
Cottage cheese 2% milkfat,183.0,11.0,5.0,24.0
Coconut milk raw,552.0,13.0,57.0,5.0
Peanuts raw,828.0,24.0,72.0,38.0
Curry paste,16.0,4.0,0.1,1.0
Lemon juice bottled,3.0,1.0,0.0,0.1
Pork tenderloin raw,34.0,0.0,1.0,6.0
Pizza sauce canned,136.0,22.0,3.0,5.0
Oat bran raw,231.0,62.0,7.0,16.0
Atlantic cod raw,23.0,0.0,0.2,5.0
Cloves ground,18.0,4.0,1.0,0.4
"Ground beef raw, lean, 95/5",37.0,0.0,1.0,6.0
Cremini mushrooms raw,19.0,4.0,0.1,2.0
Wild blueberries frozen,80.0,19.0,0.2,0.0
"Macaroni dry, enriched",105.0,21.0,0.4,4.0
Light mayonnaise Kraft,50.0,1.0,5.0,0.1
Watermelon raw,46.0,11.0,0.2,1.0
Kellogg's Corn Flakes,100.0,24.0,0.1,2.0
Hoisin sauce,35.0,7.0,1.0,1.0
"Cocoa powder unsweetened, European style",320.0,48.0,8.0,16.0
Whole-wheat English muffin,134.0,27.0,1.0,6.0
Coconut water,46.0,9.0,0.5,2.0
"Egg whole, cooked, fried",90.0,0.4,7.0,6.0
Summer squash raw,31.0,7.0,0.4,2.0
Sweet pickle relish,319.0,86.0,1.0,1.0
"Applesauce canned, unsweetened, no added ascorbic acid",102.0,27.0,0.2,0.4
Cardamom,18.0,4.0,0.4,1.0
"Ground beef patty cooked, pan-broiled, 80/20",70.0,0.0,5.0,7.0
Dark chocolate 70-85% cacao solids,1005.0,77.0,72.0,13.0
Baker's yeast active dry,23.0,3.0,1.0,3.0
Green chili pepper raw,18.0,4.0,0.1,1.0
Vanilla yogurt low fat,208.0,34.0,3.0,12.0
"Chicken broth canned, low-sodium",38.0,3.0,1.0,5.0
Red wine table,125.0,4.0,0.0,0.1
"Turkey sausage reduced fat, cooked, brown and serve",261.0,14.0,13.0,22.0
Yellow onion sauteed,115.0,7.0,9.0,1.0
Black peppercorns whole,5.0,1.0,0.1,0.2
Peanut butter (omega-3) creamy,97.0,3.0,9.0,4.0
Turkey bacon cooked,107.0,1.0,8.0,8.0
Gouda cheese,101.0,1.0,8.0,7.0
Oyster mushrooms raw,28.0,5.0,0.4,3.0
"Refried beans canned, fat-free",182.0,31.0,1.0,12.0
Caesar dressing regular,1274.0,8.0,136.0,5.0
"Scrambled eggs cooked, whole",91.0,1.0,7.0,6.0
"Beef tenderloin steak cooked, broiled, lean and fat, trimmed to 0"" fat, select",57.0,0.0,2.0,9.0
Apricot jam,48.0,13.0,0.0,0.1
Smoked salmon Chinook salmon,33.0,0.0,1.0,5.0
"Pinto beans canned, mature",197.0,36.0,1.0,11.0
Cantaloupe raw,188.0,45.0,1.0,5.0
Serrano pepper raw,2.0,0.4,0.0,0.1
Brown rice cakes plain,35.0,7.0,0.3,1.0
Semisweet chocolate chips,806.0,107.0,50.0,7.0
Ground pork raw,75.0,0.0,6.0,5.0
Pumpkin pie spice,19.0,4.0,1.0,0.3
Oyster sauce,9.0,2.0,0.0,0.2
"Sweet potato cooked, baked, in skin, unsalted",103.0,24.0,0.2,2.0
"Soy sauce low-sodium, shoyu",9.0,1.0,0.0,1.0
"Chicken thigh raw, skinless",83.0,0.0,3.0,14.0
"Ground beef patty cooked, pan-broiled, 90/10",58.0,0.0,3.0,7.0
"Celery cooked, boiled, drained, unsalted",27.0,6.0,0.2,1.0
"Raspberries frozen, red, sweetened",258.0,65.0,0.4,2.0
"Chili pepper hot sauce hot, canned, immature green",49.0,12.0,0.2,2.0
"Buttermilk cultured, lowfat",98.0,12.0,2.0,8.0
Coconut meat raw,283.0,12.0,27.0,3.0
English walnuts,654.0,14.0,65.0,15.0
Rice noodles dry,103.0,23.0,0.2,2.0
"Beef top sirloin raw, all grades, separable lean and fat, trimmed to 1/8"" fat",57.0,0.0,4.0,6.0
"Ham sliced, extra lean",28.0,0.3,1.0,5.0
Fennel bulb raw,73.0,17.0,0.5,3.0
"Tomato puree canned, unsalted",95.0,22.0,1.0,4.0
"Breadcrumbs dry, grated, seasoned",460.0,82.0,7.0,17.0
Chicken breast tenders uncooked,132.0,8.0,8.0,7.0
Red kidney beans canned,207.0,38.0,1.0,13.0
Mustard seed ground,32.0,2.0,2.0,2.0
"Butternut squash winter, raw",204.0,53.0,0.5,5.0
Liquid aminos Bragg's,10.0,1.0,0.0,2.0
Sunflower oil linoleic (<60%),120.0,0.0,14.0,0.0
Peanut oil,119.0,0.0,14.0,0.0
Plain yogurt whole milk,149.0,11.0,8.0,9.0
"White rice long-grain, regular, cooked",205.0,45.0,0.4,4.0
"Margarine regular, 80% fat, tub, unsalted",101.0,0.1,11.0,0.0
Ranch dressing Kraft brand,74.0,1.0,8.0,0.2
Granola with almonds,532.0,77.0,21.0,13.0
"Mayonnaise regular, salted",94.0,0.1,10.0,0.1
Green chili peppers canned,29.0,6.0,0.4,1.0
Pork and beef chorizo,129.0,1.0,11.0,7.0
Snow peas raw,26.0,5.0,0.1,2.0
Beef stock home-prepared,31.0,3.0,0.2,5.0
"Broccoli cooked, boiled, drained, unsalted",63.0,13.0,1.0,4.0
Pumpkin raw,30.0,8.0,0.1,1.0
"Plain bagel enriched, with calcium propionate, includes onion/poppy/sesame",277.0,55.0,1.0,11.0
"Tofu firm, pressed, extra dense, raw",41.0,1.0,2.0,4.0
Miso,34.0,5.0,1.0,2.0
Silk soymilk unsweetened,80.0,4.0,4.0,7.0
"Soymilk lowfat, fortified (calcium, vitamins A and D)",104.0,17.0,2.0,4.0
"Red bell pepper frozen, chopped",30.0,7.0,0.3,2.0
"All-purpose flour white, enriched, bleached",455.0,95.0,1.0,13.0
"Blackberries frozen, unsweetened",97.0,24.0,1.0,2.0
Popcorn air-popped,31.0,6.0,0.4,1.0
"Sirloin steak restaurant, family-style",281.0,0.0,12.0,43.0
"Tomatoes canned, whole",61.0,10.0,0.0,2.0
Tempeh,55.0,3.0,3.0,5.0
Taco shells baked,60.0,8.0,3.0,1.0
"Newman's Own balsamic vinaigrette low fat, McDonald's",13.0,4.0,1.0,0.0
Espresso,22.0,4.0,0.4,0.3
Orange tomatoes raw,18.0,4.0,0.2,1.0
Grapeseed oil,120.0,0.0,14.0,0.0
Turkey breast,22.0,1.0,0.3,4.0
Colby cheese,112.0,1.0,9.0,7.0
Sunflower seed kernels dried,269.0,9.0,24.0,10.0
"Grapefruit raw, pink/red/white",82.0,21.0,0.3,2.0
Whole wheat bread toasted,77.0,13.0,1.0,4.0
Florida avocado raw,365.0,24.0,31.0,7.0
"Lemon raw, without peel",24.0,8.0,0.3,1.0
"Chicken raw, skinless",34.0,0.0,1.0,6.0
Cilantro dried,5.0,1.0,0.1,0.4
Powdered sugar,389.0,100.0,0.0,0.0
"Boiled potato boiled, cooked in skin, flesh, unsalted",118.0,27.0,0.1,3.0
Swiss chard raw,7.0,1.0,0.1,1.0
"Cream of chicken soup canned, condensed",227.0,18.0,15.0,6.0
Fennel seed,20.0,3.0,1.0,1.0
Peppermint,0.0,0.0,0.0,0.0
"White potato raw, with skin",255.0,58.0,0.4,6.0
"Pink salmon canned, drained, solids with bone",39.0,0.0,1.0,7.0
Apple without skin,77.0,21.0,0.2,0.4
Italian dressing fat-free,109.0,20.0,2.0,2.0
"Flank steak beef flank, raw, lean and fat, trimmed to 0"" fat, all grades",44.0,0.0,2.0,6.0
"All-purpose flour white, enriched, unbleached",455.0,95.0,1.0,13.0
Bluefin tuna raw,41.0,0.0,1.0,7.0
Green tomatoes raw,28.0,6.0,0.2,1.0
Couscous dry,650.0,134.0,1.0,22.0
"Ground beef raw, 90/10",50.0,0.0,3.0,6.0
"Pork sirloin chop boneless, raw",138.0,0.0,4.0,23.0
"White rice raw, long-grain, unenriched",675.0,148.0,1.0,13.0
"Pork loin chop (blade) cooked, pan-fried, bone-in, lean only",140.0,0.0,8.0,17.0
Hummus homemade,27.0,3.0,1.0,1.0
Kraft Fat Free Mayonnaise Dressing,11.0,2.0,0.4,0.0
Edamame frozen,130.0,10.0,6.0,12.0
Molasses,58.0,15.0,0.0,0.0
Vanilla ice cream,273.0,31.0,15.0,5.0
Cottage cheese creamed,221.0,8.0,10.0,25.0
Cheese tortellini,332.0,51.0,8.0,15.0
Orange zest,4.0,1.0,0.0,0.0
Brie cheese,95.0,0.1,8.0,6.0
Sour cream reduced fat,27.0,1.0,2.0,1.0
Deglet Noor dates,415.0,110.0,1.0,4.0
Chili pepper sun-dried,120.0,26.0,2.0,4.0
Pork sausage pre-cooked,124.0,0.2,12.0,4.0
Parsnips raw,75.0,18.0,0.3,1.0
"Applesauce canned, unsweetened, with added ascorbic acid",102.0,27.0,0.2,0.4
"Cashews dry roasted, unsalted",786.0,45.0,63.0,21.0
"Cream of mushroom soup canned, condensed",191.0,16.0,13.0,3.0
Croutons seasoned,186.0,25.0,7.0,4.0
Oat flour partially debranned,553.0,90.0,12.0,20.0
"Black beans cooked, boiled, unsalted",227.0,41.0,1.0,15.0
Pistachios raw,691.0,34.0,56.0,25.0
"Tortilla chips low fat, unsalted",118.0,23.0,2.0,3.0
"Jalapeno peppers canned, solids and liquids",28.0,5.0,1.0,1.0
"Mozzarella cheese whole milk, low moisture",90.0,1.0,7.0,6.0
"Spaghetti dry, unenriched",105.0,21.0,0.4,4.0
Romano cheese,110.0,1.0,8.0,9.0
Whole wheat pasta cooked,174.0,37.0,1.0,7.0
"Chickpeas cooked, boiled, unsalted",269.0,45.0,4.0,15.0
"Barley pearled, raw",704.0,155.0,2.0,20.0
Decaf brewed coffee,0.0,0.0,0.0,0.2
"Bacon cured pork, cooked, baked",44.0,0.1,4.0,3.0
"Water tap, drinking",0.0,0.0,0.0,0.0
Ground turkey cooked,58.0,0.0,3.0,8.0
Mayonnaise dressing no cholesterol,103.0,0.0,12.0,0.0
Enoki mushrooms raw,2.0,0.4,0.0,0.1
"Ground beef raw, 85/15",61.0,0.0,4.0,5.0
Instant coffee prepared with water,1.0,0.1,0.0,0.0
Hazelnut spread chocolate-flavored,100.0,11.0,6.0,1.0
Hazelnuts,848.0,23.0,82.0,20.0
Yellow cornmeal whole-grain,442.0,94.0,4.0,10.0
Tea brewed,2.0,1.0,0.0,0.0
"Honey ham smoked, cooked",35.0,2.0,1.0,5.0
"Apple juice canned or bottled, unsweetened, with added ascorbic acid",114.0,28.0,0.3,0.2
"Snap beans canned, seasoned, solids and liquids",36.0,8.0,0.5,2.0
"Asparagus cooked, boiled, drained",3.0,1.0,0.0,0.4
"Trout raw, mixed species",42.0,0.0,2.0,6.0
"Mozzarella cheese part-skim, low moisture",85.0,2.0,6.0,7.0
White rice flour,578.0,127.0,2.0,9.0
Kelp raw,34.0,8.0,0.4,1.0
"Flour tortillas ready-to-bake or -fry, without added calcium",234.0,40.0,5.0,6.0
"Artichoke globe (French), raw",60.0,13.0,0.2,4.0
Honey mustard dressing reduced calorie,31.0,4.0,2.0,0.1
Sockeye salmon raw,40.0,0.0,2.0,6.0
Italian bread,81.0,15.0,1.0,3.0
"Mushrooms canned, drained",39.0,8.0,0.5,3.0
Sweetened condensed milk,982.0,166.0,27.0,24.0
"Sweet corn yellow, frozen, on the cob",161.0,39.0,1.0,5.0
Pomegranate raw,234.0,53.0,3.0,5.0
"Turkey sausage breakfast, links, mild",67.0,0.4,5.0,4.0
Mung bean sprouts raw,31.0,6.0,0.2,3.0
Watercress raw,4.0,0.4,0.0,1.0
"Coconut cream canned, sweetened",1057.0,158.0,48.0,3.0
"Fat-free processed cheese pasteurized process, cheddar or American",31.0,3.0,0.2,5.0
"Sourdough bread French/Vienna style, toasted",188.0,37.0,1.0,8.0
"Turkey ham cured, thigh meat",36.0,1.0,1.0,5.0
Tabasco sauce,1.0,0.0,0.0,0.1
"Dried apricots sulfured, uncooked",313.0,81.0,1.0,4.0
Sauerkraut canned,27.0,6.0,0.2,1.0
Lemon peel,3.0,1.0,0.0,0.1
Plum raw,30.0,8.0,0.2,0.5
Soy protein isolate,96.0,2.0,1.0,23.0
"Mixed fruit frozen, sweetened, peach, cherry, raspberry, grape, boysenberry",245.0,61.0,0.5,4.0
"Zucchini cooked, boiled, drained, unsalted, with skin",27.0,5.0,1.0,2.0
Marjoram dried,5.0,1.0,0.1,0.2
Onion soup dry mix,22.0,5.0,0.0,1.0
"Atlantic salmon wild, cooked, dry heat",52.0,0.0,2.0,7.0
Baby zucchini raw,2.0,0.3,0.0,0.3
"Peaches canned, water pack, solids and liquids",59.0,15.0,0.1,1.0
Papaya raw,131.0,33.0,1.0,1.0
"Beef tri-tip roast choice, raw, lean only, trimmed to 0 inch fat",44.0,0.0,2.0,6.0
"Carrots cooked, boiled, drained, unsalted",55.0,13.0,0.3,1.0
Pico de gallo Pace (Campbell's),5.0,2.0,0.0,0.0
"Tofu extra firm, raw",26.0,1.0,2.0,3.0
Wild rice raw,571.0,120.0,2.0,24.0
Maitake mushrooms raw,22.0,5.0,0.1,1.0
Chickpea flour,356.0,53.0,6.0,21.0
Ketchup low-sodium,15.0,4.0,0.0,0.3
"Beef broth canned, condensed",27.0,1.0,0.0,6.0
"Green hot chili peppers canned, pods, seedless, solids and liquids",29.0,7.0,0.1,1.0
"Tomatoes canned, stewed, red",66.0,16.0,0.5,2.0
Tostada shells corn,58.0,8.0,3.0,1.0
"Tofu firm, raw",20.0,0.5,1.0,2.0
"Sweet cherries canned, pitted, heavy syrup pack, drained",149.0,38.0,0.4,1.0
"Spinach frozen, chopped or leaf, cooked, boiled, drained, unsalted",65.0,9.0,2.0,8.0
Italian salami pork,119.0,0.3,10.0,6.0
Prepared horseradish,7.0,2.0,0.1,0.2
"Brown rice medium-grain, cooked",218.0,46.0,2.0,5.0
Cream of tartar,23.0,6.0,0.0,0.0
Ricotta cheese whole milk,216.0,4.0,16.0,14.0
"Coconut meat dried (desiccated), unsweetened",187.0,7.0,18.0,2.0
"Sesame seeds whole, toasted",85.0,4.0,7.0,3.0
Muenster cheese,104.0,0.3,9.0,7.0
Celery seed,25.0,3.0,2.0,1.0
Poppy seeds,46.0,2.0,4.0,2.0
"Lentils cooked, boiled, salted",226.0,39.0,1.0,18.0
Chicken drumstick raw,118.0,0.1,7.0,13.0
Green beans frozen,47.0,9.0,0.3,2.0
Skim milk with added nonfat milk solids,91.0,12.0,1.0,9.0
"Baked potato flesh and skin, unsalted",161.0,37.0,0.2,4.0
Almonds blanched,856.0,27.0,76.0,31.0
Banana chips,147.0,17.0,10.0,1.0
"Fruit salad canned, water pack",74.0,19.0,0.2,1.0
"Spinach cooked, boiled, drained, unsalted",41.0,7.0,0.5,5.0
French roll,105.0,19.0,2.0,3.0
Salsa verde Pace (Campbell's),120.0,16.0,4.0,0.0
"Pineapple juice canned, unsweetened, without added ascorbic acid",133.0,32.0,0.3,1.0
"Pork shoulder raw, lean and fat",67.0,0.0,5.0,5.0
"Chicken roasted, skinless",266.0,0.0,10.0,41.0
"Light tuna canned in oil, drained",56.0,0.0,2.0,8.0
"Tomato soup canned, condensed",160.0,37.0,1.0,4.0
"Ramen noodles dry, any flavor",374.0,51.0,15.0,9.0
"Shrimp cooked, moist heat",34.0,0.4,0.5,6.0
"Green bell pepper frozen, chopped",30.0,7.0,0.3,2.0
Miracle Whip Light Kraft,37.0,2.0,3.0,0.1
"Ground beef raw, grass-fed",54.0,0.0,4.0,6.0
Light cream,468.0,9.0,46.0,6.0
"Tomato sauce canned, with tomato tidbits",78.0,17.0,1.0,3.0
"Beef strip steak raw, grass-fed, lean only",33.0,0.0,1.0,7.0
"Fresh pasta refrigerated, plain, as purchased",82.0,16.0,1.0,3.0
"Cottage cheese nonfat, uncreamed, dry curd",104.0,10.0,0.4,15.0
Wonton wrappers includes egg roll wrappers,23.0,5.0,0.1,1.0
Vanilla ice cream light,274.0,45.0,7.0,7.0
Cooking wine,14.0,2.0,0.0,0.1
Goat cheese semisoft,103.0,0.0,8.0,6.0
"Green peas frozen, cooked, boiled, drained, unsalted",125.0,23.0,0.4,8.0
Gruyere cheese,117.0,0.1,9.0,8.0
Edam cheese,101.0,0.4,8.0,7.0
Barbecue sauce low-sodium,375.0,91.0,1.0,0.0
"Green beans cooked, boiled, drained, unsalted",44.0,10.0,0.4,2.0
Collard greens raw,12.0,2.0,0.2,1.0
"Peanut butter smooth, vitamin and mineral fortified",95.0,3.0,8.0,4.0
Sweet pickles,23.0,5.0,0.1,0.1
Tangerines raw,47.0,12.0,0.3,1.0
Bacon fat cooked,135.0,0.0,15.0,0.0
"Turkey breast raw, skinless",889.0,1.0,12.0,185.0
"Beef bouillon dry, cubed",6.0,1.0,0.1,1.0
Chicken leg raw,357.0,0.3,27.0,27.0
Parsley freeze-dried,1.0,0.2,0.0,0.1
"Deli chicken breast oven-roasted, sliced, fat-free",17.0,0.5,0.1,4.0
"Egg whole, cooked, poached",72.0,0.4,5.0,6.0
"Onion frozen, chopped",132.0,31.0,0.5,4.0
Bacon fat,116.0,0.0,13.0,0.0
Smart Balance buttery spread light,47.0,0.3,5.0,0.0
Honeydew melon raw,360.0,91.0,1.0,5.0
"Refried beans canned, vegetarian",369.0,60.0,4.0,23.0
Navy beans canned,296.0,54.0,1.0,20.0
Marshmallows,159.0,41.0,0.1,1.0
"Green chilies diced, canned",4.0,1.0,0.0,0.0
"Chili pepper hot sauce hot, canned, mature red",51.0,10.0,1.0,2.0
"Spinach frozen, chopped or leaf, cooked, boiled, drained, salted",65.0,9.0,2.0,8.0
Pan dulce sweet yeast bread,231.0,36.0,7.0,6.0
Bulgur dry,479.0,106.0,2.0,17.0
"Tomato paste canned, salted",215.0,50.0,1.0,11.0
Light beer,103.0,6.0,0.0,1.0
Banana pepper raw,33.0,7.0,1.0,2.0
"Scallops cooked, steamed, bay and sea",31.0,2.0,0.2,6.0
Silk soymilk vanilla,100.0,10.0,3.0,6.0
Yam raw,177.0,42.0,0.3,2.0
"Soymilk original, vanilla, unfortified",131.0,15.0,4.0,8.0
Mozzarella cheese low-sodium,316.0,4.0,19.0,31.0
"Canadian bacon cured, unheated",32.0,0.4,1.0,6.0
Green peas raw,117.0,21.0,1.0,8.0
Turbinado sugar,60.0,15.0,0.0,0.0
Laver seaweed raw,9.0,1.0,0.1,2.0
Wheat bread toasted,75.0,13.0,1.0,3.0
"Pie crust standard, frozen, ready-to-bake, enriched",791.0,84.0,45.0,11.0
Green cauliflower raw,158.0,31.0,2.0,15.0
"Sweet potato cooked, boiled, peeled",249.0,58.0,0.5,4.0
Sweet cherries raw,87.0,22.0,0.3,1.0
Kaiser roll,167.0,30.0,2.0,6.0
Soba noodles dried,95.0,21.0,0.2,4.0
Queso añejo,106.0,1.0,8.0,6.0
Scotch kale raw,28.0,6.0,0.4,2.0
"Almonds dry roasted, unsalted",825.0,29.0,73.0,29.0
European anchovy raw,37.0,0.0,1.0,6.0
Sour cream light,20.0,1.0,2.0,1.0
Endive raw,87.0,17.0,1.0,6.0
Sour pickles,7.0,1.0,0.1,0.2
Cranberries raw,46.0,12.0,0.1,0.4
"Muesli ready-to-eat cereal, dried fruit and nuts",289.0,66.0,4.0,8.0
Arrowroot flour,457.0,113.0,0.1,0.4
"Mashed potatoes home-prepared, whole milk, butter",237.0,35.0,9.0,4.0
"Mixed nuts dry roasted, with peanuts, unsalted",814.0,35.0,70.0,24.0
Rye bread reduced-calorie,47.0,9.0,1.0,2.0
Sake,39.0,1.0,0.0,0.1
Light whipping cream,698.0,7.0,74.0,5.0
Wheat germ,414.0,60.0,11.0,27.0
Almond butter salted,98.0,3.0,9.0,3.0
Quark,173.0,10.0,0.5,32.0
"Beef tenderloin raw, separable lean only, trimmed to 1/8"" fat, select",42.0,0.0,2.0,6.0
"Pineapple frozen, chunks, sweetened",211.0,54.0,0.2,1.0
"Pita bread white, enriched",165.0,33.0,1.0,5.0
Saffron,2.0,0.5,0.0,0.1
Macadamia nuts raw,962.0,19.0,102.0,11.0
"Onion dried, flakes",17.0,4.0,0.0,0.4
Orange marmalade,49.0,13.0,0.0,0.1
"Graham crackers plain or honey, includes cinnamon",30.0,5.0,1.0,0.5
Whole milk 3.7% milkfat,156.0,11.0,9.0,8.0
Chum salmon raw,34.0,0.0,1.0,6.0
"Sun-dried tomatoes packed in oil, drained",234.0,26.0,15.0,6.0
Parmesan cheese hard,111.0,1.0,7.0,10.0
Thomas' English muffin,132.0,26.0,1.0,5.0
"Brown rice medium-grain, raw",688.0,145.0,5.0,14.0
Provolone cheese reduced fat,310.0,4.0,20.0,28.0
"Tomato juice canned, unsalted",41.0,9.0,1.0,2.0
Turnips raw,34.0,8.0,0.1,1.0
Cauliflower frozen,32.0,6.0,0.4,3.0
Cashew butter unsalted,94.0,4.0,8.0,3.0
Chinese water chestnuts raw,120.0,30.0,0.1,2.0
Navel orange raw,69.0,18.0,0.2,1.0
Fontina cheese,110.0,0.4,9.0,7.0
Edamame raw,376.0,28.0,17.0,33.0
"Cream-style corn sweet, yellow, canned, regular pack",184.0,46.0,1.0,4.0
"Halibut Atlantic, Pacific, raw",26.0,0.0,0.4,5.0
"Flank steak raw, lean only, trimmed to 0"" fat, select",39.0,0.0,1.0,6.0
Silk soymilk plain,100.0,8.0,4.0,7.0
"Whole milk without added vitamin A and vitamin D, 3.25% milkfat",149.0,12.0,8.0,8.0
"Beets canned, drained",53.0,12.0,0.2,2.0
Coconut cream raw,792.0,16.0,83.0,9.0
Whipped cream pressurized,154.0,7.0,13.0,2.0
White bread toasted,50.0,9.0,1.0,2.0
Buckwheat,583.0,122.0,6.0,23.0
"Raisins golden, seedless",438.0,115.0,1.0,5.0
Raisins seeded,429.0,114.0,1.0,4.0
"Spaghetti squash winter, cooked, boiled, drained, or baked, unsalted",42.0,10.0,0.4,1.0
"Beef flank steak raw, trimmed to 0"" fat, choice, lean and fat",47.0,0.0,2.0,6.0
White beans raw,673.0,122.0,2.0,47.0
Goat cheese hard,128.0,1.0,10.0,9.0
Ground lamb raw,80.0,0.0,7.0,5.0
"Chicken light meat raw, skinless",335.0,0.0,5.0,68.0
"Tomatoes canned, packed in tomato juice, unsalted",38.0,8.0,1.0,2.0
Chicken wing raw,94.0,0.0,6.0,9.0
"Spaghetti squash winter, raw",31.0,7.0,1.0,1.0
Flatfish raw,20.0,0.0,1.0,4.0
Split peas raw,693.0,126.0,2.0,47.0
"Black beans cooked, boiled, salted",227.0,41.0,1.0,15.0
"Bouillon dry, low-sodium",16.0,2.0,1.0,1.0
"Chicken raw, meat and skin",1978.0,0.0,139.0,171.0
Buckwheat flour whole groat,402.0,85.0,4.0,15.0
"Kidney beans sprouted, raw",53.0,8.0,1.0,8.0
"Broccoli frozen, chopped, cooked, boiled, drained, unsalted",52.0,10.0,0.2,6.0
"Baked beans canned, plain",239.0,54.0,1.0,12.0
"Chicken breast cooked, roasted",193.0,0.0,8.0,29.0
"Peaches frozen, sliced, sweetened",235.0,60.0,0.3,2.0
Whole wheat bread homemade,128.0,24.0,2.0,4.0
"Turkey sausage fresh, raw",44.0,0.1,2.0,5.0
"Pumpkin seeds whole, roasted, unsalted",285.0,34.0,12.0,12.0
"Puff pastry frozen, ready-to-bake",259.0,21.0,18.0,3.0
"Atlantic sardines canned in oil, drained, with bone",191.0,0.0,11.0,23.0
Sweet Italian sausage links,125.0,2.0,7.0,14.0
"Pineapple canned, juice pack, drained",109.0,28.0,0.2,1.0
Swiss cheese low fat,193.0,4.0,6.0,31.0
"Pork loin center loin chop bone-in, raw",338.0,0.0,18.0,41.0
"Lox Chinook smoked salmon, salt-cured",33.0,0.0,1.0,5.0
Peas and carrots frozen,74.0,16.0,1.0,5.0
"Gelatin powder dry, unsweetened",23.0,0.0,0.0,6.0
"Vegetable oil spread margarine-like, 67-70% fat, tub",85.0,0.1,10.0,0.0
"2% milk with added nonfat milk solids, without added vitamin A",137.0,13.0,5.0,10.0
Adobo fresh,49.0,3.0,4.0,0.4
Queso asadero,402.0,3.0,32.0,26.0
Chervil dried,5.0,1.0,0.1,0.5
"Margarine regular, 80% fat, stick, unsalted",102.0,0.1,11.0,0.0
"Sweet corn yellow, cooked, boiled, drained, unsalted",99.0,22.0,2.0,4.0
"Cured ham cooked, low-sodium, separable lean and fat",49.0,0.1,2.0,6.0
"Equal sweetener aspartame, packets",38.0,9.0,0.0,0.2
"Hash browns frozen, plain, unprepared",172.0,37.0,1.0,4.0
"Egg noodles cooked, unenriched, salted",221.0,40.0,3.0,7.0
"Pork sausage fresh, raw",81.0,0.3,7.0,4.0
Zesty Italian dressing Kraft,53.0,1.0,5.0,0.0
Millet raw,756.0,146.0,8.0,22.0
Beef bouillon prepared with water,29.0,2.0,0.0,5.0
Sunflower oil linoleic (~65%),120.0,0.0,14.0,0.0
Beef salami cooked,74.0,1.0,6.0,4.0
"Bottom round beef raw, trimmed to 1/8 inch fat, separable lean and fat, all grades",54.0,0.0,3.0,6.0
Egg substitute powder,126.0,6.0,4.0,16.0
"Corn tortillas ready-to-bake or -fry, unsalted",58.0,12.0,1.0,1.0
Plantain raw,218.0,57.0,1.0,2.0
"Brazil nuts dried, unblanched",876.0,16.0,89.0,19.0
Tahini,89.0,3.0,8.0,3.0
"Turkey (dark meat) raw, skinless",1063.0,0.0,26.0,196.0
Caraway seed,22.0,3.0,1.0,1.0
"Chicken breast cooked, stewed, skinless",211.0,0.0,4.0,41.0
"Cauliflower cooked, boiled, drained, unsalted",29.0,5.0,1.0,2.0
"Sweet corn yellow, whole kernel, frozen, cooked, microwaved",185.0,36.0,2.0,5.0
"Egg substitute liquid or frozen, fat free",115.0,5.0,0.0,24.0
"Kale cooked, boiled, drained, unsalted",36.0,7.0,1.0,2.0
Spirulina raw,7.0,1.0,0.1,2.0
Yellowfin tuna raw,31.0,0.0,0.1,7.0
"Saltines includes oyster crackers, soda crackers, soup crackers",13.0,2.0,0.3,0.3
"Beef top sirloin raw, select, separable lean and fat, trimmed to 1/8"" fat",54.0,0.0,3.0,6.0
"Chicken light meat cooked, roasted, meat and skin",586.0,0.0,29.0,77.0
Radicchio raw,9.0,2.0,0.1,1.0
"White tuna canned in water, drained",220.0,0.0,5.0,41.0
Ritz crackers Nabisco,16.0,2.0,1.0,0.2
"Instant oats dry, plain, fortified",101.0,19.0,2.0,3.0
"Snapper raw, mixed species",28.0,0.0,0.4,6.0
Couscous cooked,176.0,36.0,0.3,6.0
Ham minced,75.0,1.0,6.0,5.0
"Ground beef patty cooked, pan-broiled, 70/30",67.0,0.0,4.0,6.0
"Tomatoes red, cooked",22.0,5.0,0.1,1.0
"Eye of round beef raw, trimmed to 1/8 inch fat, separable lean and fat, all grades",47.0,0.0,2.0,6.0
"Apple juice canned or bottled, unsweetened, no added ascorbic acid",114.0,28.0,0.3,0.2
"Turkey raw, skinless",4870.0,6.0,84.0,984.0
"Ranch dressing commercial, regular",63.0,1.0,7.0,0.2
"Outside skirt steak beef plate, raw, lean only, trimmed to 1/4"" fat, all grades",47.0,0.0,3.0,6.0
Chocolate syrup,56.0,13.0,0.2,0.4
Monterey Jack cheese low fat,354.0,1.0,24.0,32.0
Granola with raisins natural,159.0,33.0,2.0,3.0
Bok choy raw,9.0,2.0,0.1,1.0
Okra raw,33.0,7.0,0.2,2.0
"Red bell pepper cooked, boiled, drained, unsalted",38.0,9.0,0.3,1.0
Savoy cabbage raw,19.0,4.0,0.1,1.0
"Ground beef raw, 70/30",94.0,0.0,9.0,4.0
Nectarine raw,62.0,15.0,0.5,2.0
"Margarine-butter blend margarine-like, soybean oil, butter",103.0,0.1,11.0,0.0
Corn pasta cooked,176.0,39.0,1.0,4.0
"Carrots cooked, boiled, drained, salted",55.0,13.0,0.3,1.0
Yellow corn,606.0,123.0,8.0,16.0
Yellow corn flour whole-grain,422.0,90.0,5.0,8.0
1% milk with added nonfat milk solids,105.0,12.0,2.0,9.0
Cream cheese fat-free,16.0,1.0,0.2,2.0
"Orange juice frozen, concentrate",420.0,100.0,1.0,7.0
Celeriac raw,66.0,14.0,0.5,2.0
"Chicken breast cooked, fried, skinless",161.0,0.4,4.0,29.0
"Buckwheat groats roasted, dry",567.0,123.0,4.0,19.0
"Pork top loin roast boneless, raw",47.0,0.0,2.0,6.0
"Broccoli cooked, boiled, drained, salted",63.0,13.0,1.0,4.0
Sesame seed dressing regular,66.0,1.0,7.0,0.5
"Porterhouse steak beef short loin, raw, lean and fat, trimmed to 1/8"" fat, choice",62.0,0.0,4.0,6.0
Chives freeze-dried,1.0,0.1,0.0,0.0
"Italian dressing reduced fat, unsalted",11.0,1.0,1.0,0.1
"Baking chocolate unsweetened, squares",182.0,8.0,15.0,4.0
Popcorn kernels unpopped,106.0,21.0,1.0,3.0
Figs dried,371.0,95.0,1.0,5.0
"Turkey (dark meat) cooked, roasted, skinless",227.0,0.0,6.0,40.0
"Pork loin center rib chop bone-in, raw",247.0,0.0,15.0,27.0
"Pork loin top loin chop boneless, raw, lean and fat",287.0,0.0,13.0,40.0
Beet greens raw,8.0,2.0,0.0,1.0
Glutinous rice cooked,169.0,37.0,0.3,4.0
Mozzarella cheese substitute,280.0,27.0,14.0,13.0
Broccoli stalks raw,32.0,6.0,0.4,3.0
Hamburger roll plain,120.0,22.0,2.0,4.0
Dark chocolate 60-69% cacao solids,164.0,15.0,11.0,2.0
"Black olives ripe, canned, jumbo-super colossal",7.0,0.5,1.0,0.1
"Chili no beans, canned",118.0,6.0,7.0,8.0
Vital wheat gluten,105.0,4.0,1.0,21.0
"Lentils cooked, boiled, unsalted",230.0,40.0,1.0,18.0
"Mixed vegetables frozen, cooked, boiled, drained, unsalted",179.0,36.0,0.4,8.0
Walnut oil,120.0,0.0,14.0,0.0
"Pork leg (fresh ham) cooked, roasted, lean and fat",77.0,0.0,5.0,8.0
Pacific cod raw,20.0,0.0,0.1,4.0
"Egg noodles cooked, enriched",221.0,40.0,3.0,7.0
"Corned beef raw, brisket",56.0,0.0,4.0,4.0
Mustard greens raw,15.0,3.0,0.2,2.0
Pink lentils raw,687.0,121.0,4.0,46.0
Ham chopped,50.0,1.0,3.0,5.0
Clementines raw,35.0,9.0,0.1,1.0
"Lime juice canned or bottled, unsweetened",3.0,1.0,0.0,0.0
"Red bell pepper cooked, boiled, drained, salted",48.0,11.0,0.4,2.0
"Ground beef raw, 75/25",83.0,0.0,7.0,4.0
"French fries frozen, salted, unprepared",42.0,7.0,1.0,1.0
Silk plain soy yogurt,150.0,22.0,4.0,6.0
Pomegranate juice bottled,134.0,33.0,1.0,0.4
"Vodka distilled, 80 proof",97.0,0.0,0.0,0.0
Wheat bread reduced-calorie,50.0,10.0,1.0,3.0
Wild rice cooked,166.0,35.0,1.0,7.0
"Pork loin whole, raw, separable lean and fat",232.0,0.0,15.0,23.0
"Bacon cured pork, cooked, microwaved",24.0,0.0,2.0,2.0
"American cheese pasteurized process, fortified with vitamin D",104.0,1.0,9.0,5.0
"Pork loin chop fresh, center rib, boneless, cooked, braised",207.0,0.0,13.0,21.0
"Beef chuck arm pot roast cooked, braised, separable lean and fat, trimmed to 0"" fat, all grades",84.0,0.0,5.0,8.0
"Macaroni cooked, enriched",221.0,43.0,1.0,8.0
Fenugreek seed,36.0,6.0,1.0,3.0
Chanterelle mushrooms raw,21.0,4.0,0.3,1.0
"Blue cheese dressing commercial, regular",73.0,1.0,8.0,0.2
Bread flour unenriched,495.0,99.0,2.0,16.0
1% cottage cheese no sodium added,163.0,6.0,2.0,28.0
Tomatillos raw,11.0,2.0,0.3,0.3
"Chickpeas cooked, boiled, salted",269.0,45.0,4.0,15.0
"Green beans canned, regular pack, drained",34.0,7.0,1.0,2.0
"Cheerios ready-to-eat, General Mills",105.0,21.0,2.0,3.0
Arrowroot raw,21.0,4.0,0.1,1.0
Lard,115.0,0.0,13.0,0.0
Thousand Island dressing,61.0,2.0,6.0,0.2
"Lamb loin raw, trimmed to 1/4 in fat, choice",295.0,0.0,25.0,16.0
Wheat bran,125.0,37.0,2.0,9.0
Figs raw,37.0,10.0,0.2,0.4
Fat-free half-and-half,142.0,22.0,3.0,6.0
Muscle Milk protein powder milk-based,45.0,2.0,2.0,5.0
"Edamame frozen, cooked",189.0,15.0,8.0,17.0
"Vanilla extract imitation, no alcohol",7.0,2.0,0.0,0.0
"Pinto beans raw, mature",670.0,121.0,2.0,41.0
Dark chocolate 45-59% cacao solids,155.0,17.0,9.0,1.0
"Onion cooked, boiled, drained, unsalted",41.0,10.0,0.2,1.0
Tomatoes with green chilies canned,36.0,9.0,0.2,2.0
Soy sauce hydrolyzed vegetable protein,11.0,1.0,0.1,1.0
"Chicken thigh cooked, roasted, skinless",93.0,0.0,4.0,13.0
Pork country-style ribs raw,242.0,0.0,15.0,25.0
"White rice short-grain, raw",716.0,158.0,1.0,13.0
Soy vermicelli,463.0,115.0,0.1,0.1
Marinara sauce low sodium,131.0,21.0,4.0,4.0
Great northern beans raw,620.0,114.0,2.0,40.0
"Peanut butter smooth, reduced fat",78.0,5.0,5.0,4.0
Tapioca pearls dry,544.0,135.0,0.0,0.3
Corn syrup light,62.0,17.0,0.0,0.0
"Instant oatmeal dry, low-sodium",102.0,19.0,2.0,4.0
"Silken tofu soft, raw, Mori-nu brand",16.0,1.0,1.0,1.0
"European anchovy canned in oil, drained",8.0,0.0,0.4,1.0
Chicken liver raw,34.0,0.2,1.0,5.0
Lemongrass,66.0,17.0,0.3,1.0
Hot cocoa mix powder,111.0,23.0,1.0,2.0
Blue crab canned,112.0,0.0,1.0,24.0
"Plain bagel unenriched, without calcium propionate, includes onion/poppy/sesame",289.0,56.0,2.0,11.0
Fruit yogurt low fat,250.0,47.0,3.0,11.0
"Honey granola cereal ready-to-eat, Quaker",404.0,71.0,11.0,10.0
Butter croissant,231.0,26.0,12.0,5.0
"Cream of celery soup canned, condensed",181.0,18.0,11.0,3.0
"Cranberry sauce canned, sweetened",418.0,108.0,0.4,1.0
Sour cream fat free,11.0,2.0,0.0,0.5
Wasabi paste,16.0,4.0,0.1,1.0
"Coconut meat dried (desiccated), sweetened, shredded",466.0,44.0,33.0,3.0
Broccoli leaves raw,8.0,1.0,0.1,1.0
"Cashews dry roasted, salted",786.0,45.0,63.0,21.0
"Lima beans immature, raw",176.0,31.0,1.0,11.0
Pork rinds plain,154.0,0.0,9.0,17.0
"Dried apples sulfured, uncooked",209.0,57.0,0.3,1.0
Apricots raw,17.0,4.0,0.1,0.5
"Biscuits plain or buttermilk, refrigerated dough, lower fat",62.0,10.0,2.0,2.0
Rice noodles cooked,190.0,42.0,0.4,3.0
Atlantic mackerel raw,58.0,0.0,4.0,5.0
"Baked potato flesh and skin, salted",278.0,63.0,0.4,7.0
Thin-sliced beef cured,50.0,2.0,1.0,8.0
Corn oil,122.0,0.0,14.0,0.0
"Beef bouillon dry, powdered",8.0,1.0,0.3,1.0
"Acorn squash winter, raw",172.0,45.0,0.4,3.0
Napa cabbage cooked,13.0,2.0,0.2,1.0
Sunflower seed butter unsalted,99.0,4.0,9.0,3.0
"Chicken breast tenders cooked, baked (conventional oven)",83.0,5.0,5.0,4.0
"Egg whole, cooked, omelet",94.0,0.4,7.0,6.0
"Sour cherries frozen, unsweetened, red",71.0,17.0,1.0,1.0
Italian dressing,35.0,2.0,3.0,0.1
"White beans cooked, boiled, unsalted",249.0,45.0,1.0,17.0
Ranch dressing fat-free,17.0,4.0,0.3,0.0
Zante currants dried,408.0,107.0,0.4,6.0
Red kidney beans raw,620.0,113.0,2.0,41.0
"Pork sausage fresh, cooked",92.0,0.4,8.0,5.0
Skim milk without added vitamin A and vitamin D,83.0,12.0,0.2,8.0
"Prunes dried, uncooked",418.0,111.0,1.0,4.0
Sweet pickles low-sodium,207.0,57.0,0.4,1.0
Home recipe salad dressing cooked,25.0,2.0,2.0,1.0
American cheese food cold pack,94.0,2.0,7.0,6.0
"White rice steamed, Chinese restaurant",199.0,45.0,0.4,4.0
"Chocolate milk mix powder, without added nutrients",89.0,20.0,1.0,1.0
Goat milk vitamin D added,168.0,11.0,10.0,9.0
"Margarine regular, hard, soybean oil (hydrogenated)",101.0,0.1,11.0,0.1
"Yellow cake mix dry, regular, enriched",1960.0,429.0,18.0,19.0
Milk chocolate,899.0,100.0,50.0,13.0
"Vanilla extract imitation, alcohol",31.0,0.3,0.0,0.0
Coleslaw home-prepared,94.0,15.0,3.0,2.0
Lentil sprouts raw,82.0,17.0,0.4,7.0
Shiitake mushrooms dried,11.0,3.0,0.0,0.3
White mushrooms stir-fried,28.0,4.0,0.4,4.0
Blue crab raw,25.0,0.0,0.3,5.0
"Bread flour white, enriched",495.0,99.0,2.0,16.0
"Eye of round beef cooked, roasted, roast, separable lean and fat, trimmed to 0"" fat, all grades",47.0,0.0,1.0,8.0
Whitefish raw,38.0,0.0,2.0,5.0
Semolina enriched,601.0,122.0,2.0,21.0
"Pork loin chop fresh, top loin, boneless, cooked, pan-fried, lean only",108.0,0.0,3.0,19.0
Dandelion greens raw,25.0,5.0,0.4,1.0
"Artichoke globe (French), cooked, boiled, drained, salted",61.0,14.0,0.4,3.0
"Celery cooked, boiled, drained, salted",27.0,6.0,0.2,1.0
"Vanilla pudding regular, dry mix",334.0,82.0,0.4,0.3
"Broccoli frozen, spears",8.0,2.0,0.1,1.0
"Spinach cooked, boiled, drained, salted",41.0,7.0,0.5,5.0
Coconut milk frozen,485.0,13.0,50.0,4.0
"Kidney beans California red, mature seeds, cooked, boiled, salted",219.0,40.0,0.2,16.0
"Dinner rolls plain, includes brown-and-serve",78.0,13.0,2.0,3.0
"Cake flour white, enriched",496.0,107.0,1.0,11.0
"Egg pasta homemade, cooked",37.0,7.0,0.5,1.0
"Porterhouse steak raw, trimmed to 1/8"" fat, all grades",61.0,0.0,4.0,6.0
"Sweet potato cooked, baked, in skin, salted",105.0,24.0,0.2,2.0
"T-bone steak raw, trimmed to 1/8"" fat, all grades",63.0,0.0,4.0,6.0
"Pumpkin canned, salted",83.0,20.0,1.0,3.0
Oil and vinegar dressing homemade,72.0,0.4,8.0,0.0
"Lamb leg whole (shank and sirloin), raw, trimmed to 1/8"" fat, choice",59.0,0.0,4.0,5.0
"Kielbasa pork, beef, nonfat dry milk added",232.0,2.0,20.0,9.0
"Beets cooked, boiled, drained",75.0,17.0,0.3,3.0
Jicama raw,250.0,58.0,1.0,5.0
"Whiskey distilled, 86 proof",70.0,0.0,0.0,0.0
"Channel catfish farmed, raw",34.0,0.0,2.0,4.0
"Chicken raw, meat and skin, giblets and neck",2228.0,1.0,155.0,192.0
Rutabaga raw,286.0,67.0,1.0,8.0
"Red bell pepper sweet, sauteed",38.0,2.0,4.0,0.3
"Lamb cubes for stew or kabob (leg and shoulder), raw, lean only, trimmed to 1/4"" fat",38.0,0.0,1.0,6.0
"Chicken thigh cooked, roasted",144.0,0.0,9.0,14.0
"Cornish game hen raw, skinless",277.0,0.0,8.0,48.0
Turnip greens raw,18.0,4.0,0.2,1.0
PowerBar chocolate bar,247.0,47.0,2.0,10.0
"Pork tenderloin raw, lean only",550.0,0.0,11.0,106.0
Spirulina dried,325.0,27.0,9.0,64.0
Malt-O-Meal Crispy Rice cereal,126.0,29.0,0.4,2.0
"Tomato sauce canned, with mushrooms",86.0,21.0,0.3,4.0
Squid raw,26.0,1.0,0.4,4.0
"Chicken thigh cooked, stewed, meat and skin",158.0,0.0,10.0,16.0
"Sweet cherries frozen, sweetened",231.0,58.0,0.3,3.0
"Canadian bacon cured, grilled",44.0,0.3,2.0,6.0
Snow peas frozen,60.0,10.0,0.4,4.0
"Tofu soft, raw",17.0,1.0,1.0,2.0
"Turkey breast cooked, roasted, skinless",900.0,0.0,13.0,184.0
Soybean oil salad or cooking,120.0,0.0,14.0,0.0
Safflower oil linoleic (>70%),120.0,0.0,14.0,0.0
"Margarine spread 48% fat, tub",59.0,0.1,7.0,0.0
"Beef chuck clod roast raw, lean only, trimmed to 1/4"" fat, all grades",37.0,0.0,1.0,6.0
2% milk with added nonfat milk solids,125.0,12.0,5.0,9.0
"Black currants raw, European",71.0,17.0,0.5,2.0
"Rum distilled, 80 proof",97.0,0.0,0.0,0.0
"Boiled potatoes cooked without skin, flesh, salted",258.0,60.0,0.3,5.0
"Ground bison grass-fed, cooked",51.0,0.0,2.0,7.0
"Turkey cooked, roasted, skinless",223.0,0.0,5.0,41.0
Glutinous rice raw,685.0,151.0,1.0,13.0
"Beef round steak bottom round (outside round), separable lean and fat, trimmed to 0"" fat, choice, raw",43.0,0.0,2.0,6.0
"Red potato baked, with skin",154.0,34.0,0.3,4.0
Haddock raw,21.0,0.0,0.1,5.0
"Coho salmon wild, raw",41.0,0.0,2.0,6.0
Whipped topping frozen,239.0,17.0,19.0,1.0
Pork salami dry,115.0,0.5,10.0,6.0
"Oranges raw, Florida",65.0,16.0,0.3,1.0
Portobello mushrooms grilled,35.0,5.0,1.0,4.0
"Crookneck squash summer, raw",24.0,5.0,0.3,1.0
"Chicken thigh cooked, fried, skinless",113.0,1.0,5.0,15.0
"Strawberries frozen, sweetened, whole",199.0,54.0,0.4,1.0
"Chinese water chestnuts canned, solids and liquids",70.0,17.0,0.1,1.0
Cola caffeine-free,151.0,39.0,0.0,0.0
"Vegetable oil spread margarine-like, 60% fat, stick/tub/bottle, unsalted",75.0,0.1,8.0,0.0
White bread reduced-calorie,48.0,10.0,1.0,2.0
Pineapple raw,74.0,20.0,0.2,1.0
"Imitation crab made from surimi, Alaska king crab style",8.0,1.0,0.0,1.0
"Snack crackers standard snack-type, regular",16.0,2.0,1.0,0.2
"Self-rising flour white, all-purpose, enriched",443.0,93.0,1.0,12.0
Whole-wheat macaroni dry,365.0,79.0,1.0,15.0
"Boiled potato boiled, peeled, flesh, unsalted",258.0,60.0,0.3,5.0
"Baking powder double-acting, straight phosphate",2.0,1.0,0.0,0.0
"Tortilla chips unsalted, white corn",131.0,17.0,6.0,2.0
"Scallops raw, mixed species",20.0,1.0,0.1,3.0
"Buttermilk cultured, reduced fat",137.0,13.0,5.0,10.0
"Blueberries frozen, sweetened",195.0,50.0,0.3,1.0
"Cellophane noodles mung bean, dried",491.0,121.0,0.1,0.2
Wheat English muffin,127.0,26.0,1.0,5.0
Polish sausage pork,92.0,0.5,8.0,4.0
Fried tofu,77.0,3.0,6.0,5.0
"Green bell pepper cooked, boiled, drained, salted",38.0,9.0,0.3,1.0
"Plain English muffin enriched, calcium propionate, includes sourdough",129.0,25.0,1.0,5.0
"Pork center rib chop boneless, cooked, braised, lean only",60.0,0.0,3.0,8.0
Carrot juice canned,94.0,22.0,0.4,2.0
"Mixed vegetables frozen, cooked, boiled, drained, with salt",109.0,24.0,0.3,5.0
"Beef brisket raw, whole, separable lean only, all grades",44.0,0.0,2.0,6.0
"Instant coffee half-caff, powder",11.0,2.0,0.0,0.4
White chocolate,916.0,101.0,55.0,10.0
"Vanilla pudding instant, dry mix",373.0,92.0,1.0,0.0
"Chicken breast cooked, stewed, meat and skin",405.0,0.0,16.0,60.0
"Chicken leg raw, skinless",156.0,0.0,5.0,25.0
"Bottom round steak cooked, braised, trimmed to 1/8 inch fat, separable lean and fat, choice",72.0,0.0,4.0,9.0
1% cottage cheese lactose-reduced,168.0,7.0,2.0,28.0
"Onion soup canned, condensed",113.0,16.0,3.0,8.0
Dry milk powder nonfat,109.0,16.0,0.2,11.0
Kale frozen,8.0,1.0,0.1,1.0
Neufchatel cheese,72.0,1.0,6.0,3.0
Silk soymilk chocolate,141.0,23.0,3.0,5.0
"Peanuts dry-roasted, unsalted",857.0,31.0,73.0,36.0
Cheddar cheese low-sodium,450.0,2.0,37.0,28.0
"Tilapia cooked, dry heat",36.0,0.0,1.0,7.0
Raisin bread enriched,71.0,14.0,1.0,2.0
"Parmesan cheese dry grated, reduced fat",13.0,0.1,1.0,1.0
Savory ground,12.0,3.0,0.3,0.3
Beer regular,153.0,13.0,0.0,2.0
"Russet potato baked, with skin",290.0,64.0,0.4,8.0
Wakame raw,36.0,7.0,1.0,2.0
"Carignane red wine, table",109.0,4.0,0.0,0.1
Blue mussels raw,14.0,1.0,0.4,2.0
"Peanuts oil-roasted, salted",863.0,22.0,76.0,40.0
"Kielbasa turkey, beef, smoked",64.0,1.0,5.0,4.0
"Cured ham steak boneless, unheated, extra lean",35.0,0.0,1.0,6.0
Phyllo dough,57.0,10.0,1.0,1.0
"Stuffing mix bread, dry mix",109.0,22.0,1.0,3.0
"Pork shoulder (Boston butt) raw, blade steak, lean and fat",53.0,0.0,4.0,5.0
"Green peas canned, no salt added, drained",117.0,21.0,1.0,8.0
Cocoa butter,120.0,0.0,14.0,0.0
Falafel home-prepared,57.0,5.0,3.0,2.0
"Pork shoulder (Boston butt) cooked, broiled, blade steak, lean and fat",73.0,0.0,5.0,7.0
"Tomatoes cooked, stewed, red",80.0,13.0,3.0,2.0
"Vegetable oil-butter spread margarine-like, tub, salted",51.0,0.1,6.0,0.1
"All-purpose flour white, enriched, calcium-fortified",455.0,95.0,1.0,13.0
Queso Chihuahua,423.0,6.0,34.0,24.0
"Pork top loin roast boneless, raw, lean only",37.0,0.0,1.0,6.0
"Tomatoes red, cooked, salted",43.0,10.0,0.3,2.0
"Diet gelatin dessert mix dry mix, reduced calorie, with aspartame, no added sodium",35.0,3.0,0.0,6.0
"Smoked turkey cooked, boneless, skinless, light or dark meat",48.0,0.0,1.0,8.0
"Mandarin oranges canned, juice pack",92.0,24.0,0.1,2.0
French dressing reduced fat,36.0,5.0,2.0,0.1
Grape-Nuts cereal,420.0,93.0,2.0,13.0
Almond oil,120.0,0.0,14.0,0.0
Great northern beans canned,32.0,6.0,0.1,2.0
"Tofu lite, firm",15.0,0.4,0.5,2.0
"Carrots canned, regular pack, drained",37.0,8.0,0.3,1.0
"Sweet red peppers canned, solids and liquids",25.0,5.0,0.4,1.0
"Tomato chili sauce bottled, salted",18.0,3.0,0.1,0.4
"Cottage cheese creamed, with fruit",219.0,10.0,9.0,24.0
Pork belly raw,147.0,0.0,15.0,3.0
Yellow tomatoes raw,32.0,6.0,1.0,2.0
"Tea brewed, decaffeinated",2.0,1.0,0.0,0.0
"White tuna canned in oil, drained",53.0,0.0,2.0,8.0
"Atlantic salmon farmed, raw",59.0,0.0,4.0,6.0
Pumpernickel bread,65.0,12.0,1.0,2.0
Spelt raw,588.0,122.0,4.0,25.0
Prego marinara sauce,140.0,26.0,3.0,4.0
"Diet mayonnaise reduced-calorie, cholesterol-free",49.0,1.0,5.0,0.1
"Pork spareribs raw, lean and fat",3593.0,0.0,303.0,201.0
Kohlrabi raw,36.0,8.0,0.1,2.0
"Lamb shoulder whole (arm and blade), raw, trimmed to 1/4 in fat, choice",75.0,0.0,6.0,5.0
Decaf espresso,3.0,1.0,0.1,0.0
Oatmeal bread,73.0,13.0,1.0,2.0
"White rice short-grain, cooked",242.0,53.0,0.4,4.0
"Cauliflower cooked, boiled, drained, salted",29.0,5.0,1.0,2.0
"Refried beans canned, traditional style",214.0,32.0,5.0,12.0
"Plain bagel toasted, enriched, with calcium propionate, includes onion/poppy/sesame",285.0,57.0,2.0,11.0
"Tortilla chips plain, yellow corn",141.0,19.0,6.0,2.0
"Honey Nut Cheerios cereal ready-to-eat, General Mills",147.0,31.0,2.0,3.0
"Brussels sprouts cooked, boiled, drained, unsalted",56.0,11.0,1.0,4.0
"Pumpkin cooked, boiled, drained, unsalted",49.0,12.0,0.2,2.0
Ranch dressing Kraft Light Done Right!,38.0,2.0,3.0,0.2
Clam and tomato juice canned,115.0,26.0,0.5,1.0
Dessert wine dry,157.0,12.0,0.0,0.2
Cranberry juice unsweetened,116.0,31.0,0.3,1.0
Puffed millet,74.0,17.0,1.0,3.0
"Green bell pepper cooked, sauteed",36.0,1.0,3.0,0.2
"Pancake syrup table blend, with 2% maple",53.0,14.0,0.0,0.0
"Mixed vegetables canned, no salt added",67.0,13.0,0.4,3.0
"Instant oatmeal apples and cinnamon, dry",128.0,27.0,2.0,3.0
"Dried mixed fruit prune, apricot, pear",69.0,18.0,0.1,1.0
Morel mushrooms raw,20.0,3.0,0.4,2.0
Welsh onion raw,10.0,2.0,0.1,1.0
Baked beans home-prepared,392.0,55.0,13.0,14.0
"Soymilk original, vanilla, fortified (calcium, vitamins A and D)",104.0,12.0,4.0,6.0
Baker's yeast compressed,18.0,3.0,0.3,1.0
Russian dressing,53.0,5.0,4.0,0.1
"Corn grits instant, dry, plain",99.0,23.0,1.0,2.0
Carrots dried,252.0,59.0,1.0,6.0
Duck fat,113.0,0.0,13.0,0.0
"Chicken broth canned, condensed",78.0,2.0,3.0,11.0
"Evaporated milk with added vitamin D, without added vitamin A",338.0,25.0,19.0,17.0
"Italian sausage pork, cooked",286.0,4.0,23.0,16.0
"Beef chuck arm pot roast cooked, braised, separable lean only, trimmed to 0"" fat, choice",60.0,0.0,2.0,9.0
Palm oil,120.0,0.0,14.0,0.0
Beef liver raw,38.0,1.0,1.0,6.0
"Sea bass mixed species, raw",27.0,0.0,1.0,5.0
"Tortilla chips plain, white corn",134.0,19.0,6.0,2.0
Chicken gravy dry,30.0,5.0,1.0,1.0
"Ribeye steak raw, small end (ribs 10-12), separable lean and fat, trimmed to 0"" fat, USDA Choice",78.0,0.0,6.0,5.0
"White rice cooked, medium-grain, unenriched",242.0,53.0,0.4,4.0
"Fruit cocktail canned, heavy syrup, drained",150.0,40.0,0.2,1.0
"Cauliflower frozen, cooked, boiled, drained, unsalted",34.0,7.0,0.4,3.0
"White mushrooms cooked, boiled, drained, unsalted",44.0,8.0,1.0,3.0
"Clams mixed species, raw",12.0,1.0,0.1,2.0
"Light butter stick, unsalted",75.0,0.0,8.0,0.5
"Smart Balance buttery spread regular, with flax oil",82.0,0.0,9.0,0.0
Tofu yogurt,246.0,42.0,5.0,9.0
"Vegetarian vegetable soup canned, condensed",145.0,24.0,4.0,4.0
Shallots freeze-dried,3.0,1.0,0.0,0.1
"Almonds oil roasted, salted",953.0,28.0,87.0,33.0
"Beef short ribs raw, separable lean and fat, choice",110.0,0.0,10.0,4.0
"Beef top round raw, trimmed to 1/8 inch fat, lean and fat",47.0,0.0,2.0,6.0
"Potato chips plain, salted",151.0,15.0,10.0,2.0
"Top sirloin steak raw, separable lean only, trimmed to 1/8"" fat, select",36.0,0.0,1.0,6.0
Rye crispbread,92.0,21.0,0.3,2.0
"Beef chuck arm pot roast raw, lean only, trimmed to 1/8"" fat, choice",39.0,0.0,1.0,6.0
"Turkey and pork sausage fresh, cooked, bulk, patty or link",86.0,0.2,6.0,6.0
"Cured pork shoulder (arm picnic) roasted, lean and fat",79.0,0.0,6.0,6.0
Imitation mayonnaise salad dressing soybean oil,35.0,2.0,3.0,0.0
Anise seed,23.0,3.0,1.0,1.0
"Beef chuck blade roast raw, separable lean and fat, trimmed to 1/8 inch fat, all grades",70.0,0.0,6.0,5.0
"Pacific sardines canned in tomato sauce, drained, with bone",52.0,0.2,3.0,6.0
"Pinto beans cooked, boiled, unsalted, mature",245.0,45.0,1.0,15.0
Swiss cheese pasteurized process,95.0,1.0,7.0,7.0
"Yellow corn grits regular/quick, dry, enriched",626.0,136.0,3.0,11.0
"Cabbage cooked, boiled, drained, unsalted",35.0,8.0,0.1,2.0
"Onion frozen, chopped, cooked, boiled, drained, unsalted",59.0,14.0,0.2,2.0
Peanut flour defatted,196.0,21.0,0.3,31.0
Hash browns home-prepared,413.0,55.0,20.0,5.0
"Spinach canned, regular pack, drained",49.0,7.0,1.0,6.0
"Blue crab cooked, moist heat",98.0,0.0,1.0,21.0
Kidney beans raw,613.0,110.0,2.0,43.0
Evaporated milk canned,340.0,25.0,19.0,17.0
Bran flakes cereal,131.0,32.0,1.0,4.0
Pink grapefruit juice raw,96.0,23.0,0.2,1.0
"Kiwi gold, raw",52.0,12.0,0.5,1.0
Soymilk enhanced,109.0,8.0,5.0,7.0
Vanilla frozen yogurt soft-serve,229.0,35.0,8.0,6.0
Amaranth grain raw,716.0,126.0,14.0,26.0
Camembert cheese,85.0,0.1,7.0,6.0
"American cheese pasteurized process, without added vitamin D",106.0,0.5,9.0,6.0
White sweet corn raw,123.0,27.0,2.0,5.0
"Soy flour full-fat, raw",366.0,30.0,17.0,29.0
Reduced fat chocolate milk with added vitamin A and vitamin D,190.0,30.0,5.0,7.0
"Fruit cocktail canned, water pack",76.0,20.0,0.1,1.0
"Strawberries frozen, sweetened, sliced",245.0,66.0,0.3,1.0
"Pineapple juice canned, unsweetened, with added ascorbic acid",133.0,32.0,0.3,1.0
"Artichoke globe (French), cooked, boiled, drained, unsalted",64.0,14.0,0.4,3.0
"Vegetable shortening household, composite",113.0,0.0,13.0,0.0
Rye bread toasted,82.0,15.0,1.0,3.0
"Whole wheat pancake mix dry mix, incomplete",482.0,99.0,2.0,18.0
"V8 vegetable juice Campbell's, 100% vegetable juice",50.0,10.0,0.0,2.0
"Chicken bouillon prepared with water, dry",10.0,1.0,1.0,1.0
"Guava common, raw",37.0,8.0,1.0,1.0
Ground veal raw,56.0,0.0,4.0,5.0
Brown rice flour,574.0,121.0,4.0,11.0
"T-bone steak raw, trimmed to 1/8"" fat, select",61.0,0.0,4.0,6.0
Acerola raw,31.0,8.0,0.3,0.4
"Pinto beans immature, cooked, boiled, drained, frozen, unsalted",46.0,9.0,0.1,3.0
"Beets cooked, boiled, drained, salted",75.0,17.0,0.3,3.0
"Mixed nuts oil roasted, without peanuts, unsalted",886.0,32.0,81.0,22.0
Veggie burger unprepared,124.0,10.0,4.0,11.0
Smoked chicken and beef sausage smoked,84.0,0.0,7.0,5.0
Onion canned,43.0,9.0,0.2,2.0
"Soymilk unsweetened, fortified (calcium, vitamins A and D)",80.0,4.0,4.0,7.0
Ground venison raw,157.0,0.0,7.0,22.0
Low-fat granola,381.0,79.0,6.0,9.0
Carrots frozen,46.0,10.0,1.0,1.0
Rice bran oil,120.0,0.0,14.0,0.0
Small white beans raw,722.0,134.0,3.0,45.0
"Pita bread white, unenriched",165.0,33.0,1.0,5.0
"Instant rice long-grain, dry, enriched",361.0,78.0,1.0,7.0
"Chicken bouillon dry, cubed",10.0,1.0,0.2,1.0
"Chicken broth canned, prepared with equal volume water",39.0,1.0,1.0,5.0
Low-fat granola,381.0,79.0,6.0,9.0
Carrots frozen,46.0,10.0,1.0,1.0
Rice bran oil,120.0,0.0,14.0,0.0
Small white beans raw,722.0,134.0,3.0,45.0
"Pita bread white, unenriched",165.0,33.0,1.0,5.0
"Instant rice long-grain, dry, enriched",361.0,78.0,1.0,7.0
"Chicken bouillon dry, cubed",10.0,1.0,0.2,1.0
"Chicken broth canned, prepared with equal volume water",39.0,1.0,1.0,5.0
"Instant oatmeal (maple and brown sugar) dry, Quaker",158.0,33.0,2.0,4.0
"Eggplant cooked, boiled, drained, unsalted",35.0,9.0,0.2,1.0
"Tomato juice canned, salted",41.0,9.0,1.0,2.0
"Mashed potatoes home-prepared, whole milk",174.0,37.0,1.0,4.0
"Leeks cooked, boiled, drained, salted",38.0,9.0,0.2,1.0
Shrimp canned,128.0,0.0,2.0,26.0
"White rice medium-grain, raw, enriched",702.0,155.0,1.0,13.0
"White rice medium-grain, cooked",242.0,53.0,0.4,4.0
"Porterhouse steak cooked, grilled, trimmed to 1/8"" fat, all grades",78.0,0.0,5.0,7.0
"Ground beef cooked, pan-browned, crumbles, 90/10",65.0,0.0,3.0,8.0
Kellogg's Special K cereal ready-to-eat,117.0,23.0,1.0,6.0
Orange peel,6.0,2.0,0.0,0.1
"Beef flank steak raw, trimmed to 0"" fat, choice, lean only",42.0,0.0,2.0,6.0
Chocolate ice cream,285.0,37.0,15.0,5.0
"Hominy canned, white",119.0,24.0,1.0,2.0
"Ground beef cooked, pan-browned, crumbles, 80/20",77.0,0.0,5.0,8.0
"Cream of mushroom soup canned, ready-to-serve, low-sodium",129.0,11.0,9.0,2.0
Tamarind raw,287.0,75.0,1.0,3.0
"Mung bean sprouts canned, drained",15.0,3.0,0.1,2.0
"Cream-style corn sweet, yellow, canned, no salt added",184.0,46.0,1.0,4.0
"Italian dressing Kraft, fat-free",10.0,2.0,0.1,0.2
Palm kernel oil,116.0,0.0,14.0,0.0
Chili with beans canned,287.0,30.0,14.0,15.0
Whole-wheat crackers,121.0,20.0,4.0,3.0
Rhubarb raw,11.0,2.0,0.1,0.5
"Mixed vegetables canned, drained",80.0,15.0,0.4,4.0
Wheat English muffin toasted,126.0,25.0,1.0,5.0
White popcorn air-popped,31.0,6.0,0.3,1.0
Buttermilk powder,464.0,59.0,7.0,41.0
"Zucchini cooked, boiled, drained, salted, with skin",27.0,5.0,1.0,2.0
Thousand Island dressing reduced fat,29.0,4.0,2.0,0.1
"Sunflower seed kernels dry roasted, salted",745.0,31.0,64.0,25.0
Croutons plain,122.0,22.0,2.0,4.0
Hard pretzels whole-wheat,103.0,23.0,1.0,3.0
Bulgur cooked,151.0,34.0,0.4,6.0
Saccharin sweetener tabletop,4.0,1.0,0.0,0.0
Brown gravy dry,22.0,4.0,1.0,1.0
Alfredo sauce mix dry,152.0,10.0,10.0,4.0
Chinese broccoli cooked,19.0,3.0,1.0,1.0
"Fiber One ready-to-eat, General Mills",120.0,51.0,1.0,4.0
Hearts of palm canned,41.0,7.0,1.0,4.0
Sunflower seed flour partially defatted,209.0,23.0,1.0,31.0
Water buffalo raw,28.0,0.0,0.4,6.0
Wheat bran bread,89.0,17.0,1.0,3.0
Ginger ale carbonated,125.0,32.0,0.0,0.0
Coconut milk beverage,149.0,15.0,8.0,4.0
"Onion frozen, whole",10.0,2.0,0.0,0.3
"Ground bison grass-fed, raw",41.0,0.0,2.0,6.0
"American grapes raw, slip skin",62.0,16.0,0.3,1.0
"Peaches canned, juice pack, solids and liquids",109.0,29.0,0.1,2.0
Butter oil anhydrous,112.0,0.0,13.0,0.0
"White sauce homemade, medium",368.0,23.0,27.0,10.0
Broccoli raab raw,9.0,1.0,0.2,1.0
"White potato baked, with skin",281.0,63.0,0.4,6.0
Dill pickles low-sodium,8.0,2.0,0.2,0.3
"Lima beans mature, large, canned",190.0,36.0,0.4,12.0
Whole-wheat English muffin toasted,135.0,27.0,1.0,6.0
Kellogg's Rice Krispies,107.0,24.0,1.0,2.0
Evaporated milk with added vitamin A,338.0,25.0,19.0,17.0
White icicle radish raw,7.0,1.0,0.1,1.0
"Beef brisket raw, whole, separable lean and fat, trimmed to 1/8"" fat, all grades",71.0,0.0,5.0,5.0
"Rainbow trout raw, wild",34.0,0.0,1.0,6.0
Venison raw,34.0,0.0,1.0,7.0
Pita chips salted,130.0,19.0,4.0,3.0
"Ground chicken cooked, crumbles, pan-browned",54.0,0.0,3.0,7.0
Pork bratwurst cooked,283.0,2.0,25.0,12.0
Jackfruit raw,157.0,38.0,1.0,3.0
"Tahini raw, stone-ground",86.0,4.0,7.0,3.0
"Tri-tip steak cooked, broiled, trimmed to 0-inch fat, all grades, lean only",71.0,0.0,4.0,9.0
"Deli chicken breast sliced, mesquite flavor, fat-free",23.0,1.0,0.1,5.0
"Prunes dehydrated (low-moisture), uncooked",447.0,118.0,1.0,5.0
Tamarind nectar canned,143.0,37.0,0.3,0.2
"Eggplant cooked, boiled, drained, salted",33.0,8.0,0.2,1.0
Dessert wine sweet,165.0,14.0,0.0,0.2
"Light tuna canned in water, drained, unsalted",33.0,0.0,0.2,7.0
"Hot dog fast food, plain",242.0,18.0,15.0,10.0
"Pasta with tomato sauce canned, no meat",168.0,34.0,1.0,5.0
"Smoked link sausage smoked, pork and beef",91.0,1.0,8.0,3.0
"Vienna sausage canned, chicken, beef, pork",260.0,3.0,22.0,12.0
"Butternut squash winter, cooked, baked, unsalted",82.0,22.0,0.2,2.0
"Grouper raw, mixed species",26.0,0.0,0.3,5.0
"Beef rib raw, small end (ribs 10-12), lean only, trimmed to 1/8 inch fat, choice",42.0,0.0,2.0,6.0
"Cream of wheat cereal regular, 10-minute, dry",640.0,132.0,3.0,18.0
Muscle Milk Light protein powder milk-based,59.0,3.0,2.0,8.0
Oriental radish raw,61.0,14.0,0.3,2.0
Spearmint dried,5.0,1.0,0.1,0.3
"Onion cooked, boiled, drained, salted",39.0,9.0,0.2,1.0
Ranch dressing Kraft Free (fat-free),24.0,5.0,0.2,0.1
Herbal tea brewed,0.3,0.1,0.0,0.0
"Fava beans mature seeds, raw",512.0,87.0,2.0,39.0
"Applesauce canned, sweetened, salted",194.0,51.0,0.5,0.5
Nopales raw,14.0,3.0,0.1,1.0
"Pears canned, water pack, solids and liquids",71.0,19.0,0.1,0.5
Chayote raw,39.0,9.0,0.3,2.0
"Broccoli frozen, chopped, cooked, boiled, drained, salted",52.0,10.0,0.2,6.0
Reese's peanut butter cups,232.0,25.0,14.0,5.0
Turkey breast raw,1083.0,0.0,23.0,206.0
Fish stock home-prepared,37.0,0.0,2.0,5.0
"Pineapple canned, juice pack, solids and liquids",149.0,39.0,0.2,1.0
"Peaches canned, heavy syrup, drained",160.0,41.0,0.4,1.0
"Artichoke globe (French), frozen",11.0,2.0,0.1,1.0
"Hash browns frozen, plain, prepared",342.0,44.0,18.0,4.0
"Coconut meat dried (desiccated), toasted",456.0,34.0,36.0,4.0
"Vegetable oil spread margarine-like, 37% fat, salted",51.0,0.1,6.0,0.1
Turkey raw,41.0,0.0,2.0,6.0
Raisin bran cereal,191.0,47.0,1.0,4.0
Native persimmon raw,32.0,8.0,0.1,0.2
Asian pear raw,51.0,13.0,0.3,1.0
Ground pork cooked,84.0,0.0,6.0,7.0
Napa cabbage raw,12.0,2.0,0.2,1.0
"Black-eyed peas immature seeds, raw",131.0,27.0,1.0,4.0
"Brussels sprouts cooked, boiled, drained, salted",56.0,11.0,1.0,4.0
"Spaghetti squash winter, cooked, boiled, drained or baked, salted",42.0,10.0,0.4,1.0
"Hot cocoa mix Nestle, rich chocolate",80.0,15.0,3.0,1.0
Northern lobster raw,116.0,0.0,1.0,25.0
"Bison raw, lean only",31.0,0.0,1.0,6.0
"White bread homemade, made with 2% milk",120.0,21.0,2.0,3.0
"White cake mix dry mix, regular",2232.0,409.0,57.0,24.0
"White rice long-grain, parboiled, dry, enriched",699.0,151.0,2.0,14.0
Soba noodles cooked,113.0,24.0,0.1,6.0
"Dried egg white dried, flakes, glucose reduced",100.0,1.0,0.0,22.0
"Sauvignon blanc white, table",119.0,3.0,0.0,0.1
Carob flour,229.0,92.0,1.0,5.0
"Tofu raw, regular, prepared with calcium sulfate",22.0,1.0,1.0,2.0
Smart Balance light mayonnaise Omega Plus,47.0,1.0,5.0,0.2
Cinnamon raisin bagel,288.0,58.0,2.0,10.0
"Gelatin dessert mix dry mix, with added ascorbic acid, sodium citrate, salted",324.0,77.0,0.0,7.0
"Veggie Breakfast Sausage Patties Morningstar Farms, frozen, unprepared",80.0,3.0,3.0,10.0
"White mushrooms cooked, boiled, drained, salted",44.0,8.0,1.0,3.0
"White sweet corn canned, whole kernel, drained",116.0,25.0,2.0,4.0
"Chicken wing raw, skinless",37.0,0.0,1.0,6.0
Mustard greens frozen,57.0,10.0,1.0,7.0
"Pork country-style ribs raw, lean only",40.0,0.0,2.0,6.0
"Onion frozen, chopped, cooked, boiled, drained, salted",55.0,13.0,0.2,2.0
"Sweet potato cooked, boiled, peeled, salted",115.0,27.0,0.2,2.0
Sunflower seed butter salted,99.0,4.0,9.0,3.0
Millet cooked,207.0,41.0,2.0,6.0
"Knuckle steak raw, trimmed to 0-inch fat, choice, lean and fat, tip side",38.0,0.0,1.0,6.0
Mace ground,25.0,3.0,2.0,0.4
Pimentos canned,3.0,1.0,0.0,0.1
Decaf instant coffee powder,19.0,4.0,0.0,1.0
Bluefish raw,35.0,0.0,1.0,6.0
Swordfish raw,41.0,0.0,2.0,6.0
Boston brown bread canned,88.0,19.0,1.0,2.0
"Waffles plain, frozen, ready-to-heat",100.0,15.0,3.0,2.0
"Baking chocolate unsweetened, liquid",134.0,10.0,14.0,3.0
Malt syrup,76.0,17.0,0.0,1.0
Brick cheese,105.0,1.0,8.0,7.0
Meatless bacon bits,33.0,2.0,2.0,2.0
"Ramen noodles dry, chicken flavor",373.0,51.0,15.0,9.0
"French beans mature seeds, raw",631.0,118.0,4.0,35.0
"White bread low-sodium, unsalted",67.0,12.0,1.0,2.0
"Grape juice canned or bottled, unsweetened, no added ascorbic acid",152.0,37.0,0.3,1.0
"Frozen egg whole, raw, pasteurized",97.0,1.0,7.0,8.0
"Cured ham whole, unheated, separable lean and fat",70.0,0.0,5.0,5.0
"Ground pork raw, 84/16",62.0,0.1,5.0,5.0
"Cowpea pods young pods with seeds, raw",41.0,9.0,0.3,3.0
"Scallop squash summer, raw",23.0,5.0,0.3,2.0
"Sweet potato canned, mashed",258.0,59.0,1.0,5.0
"Fava beans in pod, raw",111.0,22.0,1.0,10.0
"Pistachios dry roasted, salted",694.0,35.0,55.0,26.0
Cola high caffeine,201.0,52.0,0.0,0.0
"Cornbread mix dry mix, enriched",119.0,20.0,3.0,2.0
"Spaghetti cooked, enriched, no salt added",45.0,9.0,0.3,2.0
Cheddar cheese soup condensed,201.0,22.0,10.0,4.0
Blue cheese dressing low calorie,15.0,0.4,1.0,1.0
"Cinnamon Toast Crunch cereal ready-to-eat, General Mills",169.0,32.0,4.0,2.0
"Kidney beans sprouted, cooked, boiled, drained, unsalted",9.0,1.0,0.2,1.0
"Green beans frozen, cooked, boiled, drained, unsalted",38.0,9.0,0.2,2.0
"Pinot grigio white, table",122.0,3.0,0.0,0.1
"Veal average cut, raw, lean and fat",41.0,0.0,2.0,5.0
"Potato chips made from dried potatoes, plain",155.0,16.0,10.0,1.0
"Cinnamon Toast Crunch cereal ready-to-eat, General Mills",169.0,32.0,4.0,2.0
"Kidney beans sprouted, cooked, boiled, drained, unsalted",9.0,1.0,0.2,1.0
"Green beans frozen, cooked, boiled, drained, unsalted",38.0,9.0,0.2,2.0
"Pinot grigio white, table",122.0,3.0,0.0,0.1
"Veal average cut, raw, lean and fat",41.0,0.0,2.0,5.0
"Potato chips made from dried potatoes, plain",155.0,16.0,10.0,1.0
"Barley pearled, cooked",193.0,44.0,1.0,4.0
"Turkey sausage fresh, cooked",56.0,0.0,3.0,7.0
"White grapefruit juice raw, unsweetened",96.0,23.0,0.2,1.0
"Pork loin blade bone-in, raw, separable lean and fat",213.0,0.0,13.0,22.0
Hazelnut oil,120.0,0.0,14.0,0.0
Chamomile tea brewed,2.0,0.5,0.0,0.0
"Pink salmon canned, solids with bone and liquid",37.0,0.0,1.0,6.0
Silk french vanilla creamer,319.0,48.0,16.0,0.0
"Cocoa powder unsweetened, Dutch-processed",12.0,3.0,1.0,1.0
Jelly,56.0,15.0,0.0,0.0
White corn flour whole-grain,422.0,90.0,5.0,8.0
"Macaroni dry, unenriched",105.0,21.0,0.4,4.0
"Grillers Burger Style Recipe Crumbles Morningstar Farms, frozen, unprepared",106.0,6.0,3.0,13.0
"Apples frozen, unsweetened, unheated",83.0,21.0,1.0,0.5
"Instant oatmeal low-sodium, prepared with water",26.0,5.0,1.0,1.0
Kashi GOLEAN cereal ready-to-eat,162.0,35.0,1.0,13.0
"American cheese food pasteurized process, fortified with vitamin D",93.0,2.0,7.0,6.0
"Frozen egg white raw, pasteurized",29.0,1.0,0.0,6.0
Cassava raw,330.0,78.0,1.0,3.0
"Green peas canned, regular pack, solids and liquids",144.0,26.0,1.0,7.0
Potato flour,571.0,133.0,1.0,11.0
"Italian dressing Kraft, light",26.0,1.0,2.0,0.2
Adzuki beans raw,648.0,124.0,1.0,39.0
Meatless bacon,16.0,0.3,1.0,1.0
"Whole wheat bread homemade, toasted",128.0,24.0,2.0,4.0
Apple pie filling canned,28.0,7.0,0.0,0.0
"Pizza Hut pizza (cheese, 14-inch) regular crust",275.0,33.0,10.0,12.0
McDonald's barbecue sauce,46.0,10.0,0.3,0.4
Low-fat chocolate milk with added vitamin A and vitamin D,178.0,32.0,3.0,8.0
"Pepitas roasted, unsalted",677.0,17.0,58.0,35.0
French dressing fat-free,21.0,5.0,0.0,0.0
"Beef chuck blade roast raw, separable lean and fat, trimmed to 1/8 inch fat, choice",75.0,0.0,6.0,5.0
Graham crackers Nabisco,120.0,22.0,3.0,2.0
Semisweet chocolate made with butter,811.0,108.0,50.0,7.0
Au jus gravy canned,38.0,6.0,0.5,3.0
Kellogg's Frosted Flakes,144.0,35.0,1.0,2.0
"Multi-Grain Cheerios ready-to-eat, General Mills",107.0,24.0,1.0,2.0
Kellogg's Special K Red Berries cereal ready-to-eat,111.0,27.0,0.4,2.0
Mulberries raw,60.0,14.0,1.0,2.0
"Mixed vegetables canned, solids and liquids",88.0,17.0,1.0,3.0
Mustard oil,124.0,0.0,14.0,0.0
Chinook salmon raw,51.0,0.0,3.0,6.0
"Meat drippings lard, beef tallow, mutton tallow",133.0,0.0,15.0,0.0
"Peanut butter chunky, vitamin and mineral fortified",95.0,3.0,8.0,4.0
"Lamb raw, choice, average of retail cuts, trimmed to 1/8"" fat, lean and fat",69.0,0.0,5.0,5.0
"Protein bread toasted, includes gluten",77.0,14.0,1.0,4.0
"Buckwheat groats roasted, cooked",155.0,33.0,1.0,6.0
"Spicy Black Bean Burger Morningstar Farms, frozen, unprepared",127.0,13.0,4.0,10.0
"Cream of mushroom soup condensed, 98% fat free",131.0,19.0,5.0,3.0
"Cranberries raw, lowbush (lingonberry), Alaska Native",16.0,3.0,0.1,0.1
"Blueberries canned, light syrup, drained",215.0,55.0,1.0,3.0
Ketchup,15.0,4.0,0.0,0.2
"Pecans oil roasted, unsalted",787.0,14.0,83.0,10.0
"Chocolate malted drink mix powder, with added nutrients",290.0,73.0,0.0,0.0
Tempeh cooked,56.0,3.0,3.0,5.0
"Ham canned, chopped",68.0,0.1,5.0,5.0
"Sour cherries raw, red",52.0,13.0,0.3,1.0
"Pink grapefruit raw, Florida",74.0,18.0,0.2,1.0
"Butter whipped, salted",67.0,0.0,8.0,0.1
Sunflower oil high oleic (≥70%),124.0,0.0,14.0,0.0
"Lamb loin cooked, broiled, trimmed to 1/4 in fat, choice",90.0,0.0,7.0,7.0
Trail mix regular,693.0,67.0,44.0,21.0
Maple sugar,32.0,8.0,0.0,0.0
"Mocha powder mix with whitener, with low-calorie sweetener",16.0,5.0,1.0,1.0
Swiss cheese low sodium,404.0,4.0,30.0,31.0
Crispy brown rice cereal,124.0,28.0,1.0,2.0
"Apples cooked, boiled, peeled",91.0,23.0,1.0,0.4
"Apples frozen, unsweetened, heated",97.0,25.0,1.0,1.0
"Apple juice concentrate frozen, unsweetened, undiluted, no added ascorbic acid",350.0,87.0,1.0,1.0
"Parsnips cooked, boiled, drained, unsalted",114.0,27.0,0.5,2.0
"Coconut meat dried (desiccated), sweetened, flaked, canned",341.0,32.0,24.0,3.0
"Corned beef cooked, brisket",71.0,0.1,5.0,5.0
"Top sirloin steak cooked, broiled, Select, separable lean and fat, trimmed to 0"" fat",58.0,0.0,2.0,8.0
Mahi-mahi raw,24.0,0.0,0.2,5.0
"Apples cooked, boiled, peeled",91.0,23.0,1.0,0.4
"Apples frozen, unsweetened, heated",97.0,25.0,1.0,1.0
"Apple juice concentrate frozen, unsweetened, undiluted, no added ascorbic acid",350.0,87.0,1.0,1.0
"Parsnips cooked, boiled, drained, unsalted",114.0,27.0,0.5,2.0
"Coconut meat dried (desiccated), sweetened, flaked, canned",341.0,32.0,24.0,3.0
"Corned beef cooked, brisket",71.0,0.1,5.0,5.0
"Top sirloin steak cooked, broiled, Select, separable lean and fat, trimmed to 0"" fat",58.0,0.0,2.0,8.0
Mahi-mahi raw,24.0,0.0,0.2,5.0
"Chicken dark meat raw, skinless",35.0,0.0,1.0,6.0
"Chicken drumstick cooked, roasted",54.0,0.0,3.0,7.0
"Beef round steak bottom round (outside round), separable lean and fat, trimmed to 0"" fat, all grades, raw",40.0,0.0,2.0,6.0
"Black bean soup canned, condensed",234.0,40.0,3.0,12.0
"Vegetable soup canned, condensed, with beef broth",162.0,26.0,4.0,6.0
"Dried egg white dried, powder, glucose reduced",26.0,0.3,0.0,6.0
Kashi GOLEAN Crunch! cereal ready-to-eat,195.0,38.0,3.0,9.0
Red currants raw,63.0,15.0,0.2,2.0
"Green beans canned, no salt added, drained",34.0,7.0,1.0,2.0
"Gin distilled, 90 proof",110.0,0.0,0.0,0.0
"Riesling white, table",118.0,6.0,0.0,0.1
Tea brewed,0.3,0.1,0.0,0.0
New Zealand spinach raw,8.0,1.0,0.1,1.0
"Green peas cooked, boiled, drained, unsalted",134.0,25.0,0.4,9.0
"Shiitake mushrooms cooked, salted",81.0,21.0,0.3,2.0
Sour pickles low-sodium,17.0,4.0,0.3,1.0
Pickle relish hamburger,19.0,5.0,0.1,0.1
"Sunflower seed kernels toasted, unsalted",829.0,28.0,76.0,23.0
"Graham cracker crust cookie crust, homemade, baked",1037.0,137.0,52.0,9.0
Spinach spaghetti dry,105.0,21.0,0.4,4.0
Semolina unenriched,601.0,122.0,2.0,21.0
"Single hamburger fast food, regular patty, plain",255.0,27.0,10.0,14.0
"Beef tenderloin steak choice, cooked, broiled, lean only, trimmed to 1/8 inch fat",58.0,0.0,3.0,8.0
2% milk protein fortified,138.0,14.0,5.0,10.0
100% bran cereal,255.0,70.0,2.0,11.0
"Duck egg whole, raw",130.0,1.0,10.0,9.0
"Pork shoulder raw, lean only",42.0,0.0,2.0,6.0
"Vanilla yogurt nonfat, sweetened with low-calorie sweetener, fortified with vitamin D",103.0,18.0,0.4,9.0
"Bamboo shoots canned, drained",25.0,4.0,1.0,2.0
"Mashed potatoes home-prepared, whole milk, margarine",237.0,36.0,9.0,4.0
Taro raw,116.0,28.0,0.2,2.0
Vegetable juice cocktail canned,46.0,9.0,1.0,2.0
Beef tallow,256.0,0.0,28.0,0.0
Tonic water,124.0,32.0,0.0,0.0
Tuna salad,383.0,19.0,19.0,33.0
Mung beans raw,718.0,130.0,2.0,49.0
"Peanuts dry-roasted, salted",166.0,6.0,14.0,7.0
"Plain bagel enriched, without calcium propionate, includes onion/poppy/sesame",289.0,56.0,2.0,11.0
Corn chips plain,153.0,16.0,9.0,2.0
Scrambled eggs McDonald's,185.0,2.0,14.0,14.0
"Beef tenderloin choice, raw, lean only, trimmed to 1/8 inch fat",45.0,0.0,2.0,6.0
Rice cake crackers mini,111.0,23.0,1.0,2.0
"Canned chicken with broth, meat only",234.0,0.0,11.0,31.0
Meatless meatballs,56.0,2.0,3.0,6.0
Nonfat fruit yogurt variety,162.0,32.0,0.3,7.0
Plum sauce,35.0,8.0,0.2,0.2
"Cream of mushroom soup canned, condensed, reduced sodium",131.0,20.0,4.0,3.0
Skim milk protein fortified,101.0,14.0,1.0,10.0
"Vegetable soup canned, condensed, low sodium",156.0,29.0,2.0,5.0
Cheese sauce mix dry,124.0,17.0,5.0,2.0
Evaporated skim milk with added vitamin A and vitamin D,200.0,29.0,1.0,19.0
"Pork tenderloin cooked, roasted, lean only",41.0,0.0,1.0,7.0
"Cured pork shoulder (blade roll) roasted, lean and fat",81.0,0.1,7.0,5.0
Shiitake mushrooms stir-fried,38.0,7.0,0.3,3.0
"Atlantic mackerel cooked, dry heat",74.0,0.0,5.0,7.0
Goat meat raw,31.0,0.0,1.0,6.0
White cornmeal whole-grain,442.0,94.0,4.0,10.0
"Spaghetti cooked, enriched, salt added",45.0,9.0,0.3,2.0
Italian dressing reduced calorie,28.0,1.0,3.0,0.0
"Tomato chili sauce bottled, unsalted, low-sodium",18.0,5.0,0.1,0.4
Total cereal whole grain,128.0,30.0,1.0,3.0
"Sweet corn yellow, canned, brine pack, regular pack, solids and liquids",294.0,67.0,4.0,9.0
Pasilla pepper dried,24.0,4.0,1.0,1.0
"Mixed nuts oil roasted, with peanuts, unsalted",862.0,30.0,77.0,28.0
"Instant tea powder, lemon-flavored, sweetened (saccharin), decaffeinated",5.0,1.0,0.0,0.1
"Red kidney beans cooked, boiled, unsalted",225.0,40.0,1.0,15.0
Spanish peanuts raw,832.0,23.0,72.0,38.0
"Soy meal defatted, raw",96.0,11.0,1.0,13.0
"Tofu organic, extra firm",28.0,1.0,1.0,3.0
"Silk soymilk light, vanilla",80.0,10.0,2.0,6.0
"Chicken cooked, fried, skinless",307.0,2.0,13.0,43.0
"Pie crust standard, frozen, ready-to-bake, unenriched",649.0,63.0,41.0,6.0
"Chicken drumstick raw, skinless",72.0,0.0,2.0,12.0
"Cocoa powder unsweetened, high-fat",26.0,3.0,1.0,1.0
"White rice raw, short-grain, unenriched",716.0,158.0,1.0,13.0
Sausage patty McDonald's,174.0,1.0,17.0,7.0
"Grillers Vegan Morningstar Farms, frozen, unprepared",94.0,6.0,2.0,12.0
"Minestrone soup canned, ready-to-serve, chunky",127.0,21.0,3.0,5.0
Sofrito,488.0,11.0,37.0,26.0
Teriyaki sauce reduced sodium,13.0,2.0,0.0,1.0
Pink grapefruit raw,103.0,26.0,0.3,2.0
"Leeks cooked, boiled, drained, unsalted",38.0,9.0,0.2,1.0
"Okra frozen, cooked, boiled, drained, unsalted",74.0,16.0,1.0,4.0
"Kale cooked, boiled, drained, salted",36.0,7.0,1.0,2.0
"Shortening household, soybean (hydrogenated), cottonseed (hydrogenated)",113.0,0.0,13.0,0.0
"Macadamia nuts dry roasted, salted",945.0,17.0,100.0,10.0
"Pecans oil-roasted, salted",787.0,14.0,83.0,10.0
"Atlantic pollock cooked, dry heat",33.0,0.0,0.4,7.0
Amaranth grain cooked,251.0,46.0,4.0,9.0
Chow mein noodles,214.0,33.0,7.0,4.0
"V8 vegetable juice Campbell's, organic",48.0,11.0,0.0,1.0
"Turkey leg raw, skinless",355.0,0.0,8.0,67.0
"Froot Loops cereal ready-to-eat, Kellogg's",109.0,26.0,1.0,2.0
Rice Chex,101.0,23.0,0.4,2.0
Quaker puffed rice cereal,54.0,12.0,0.1,1.0
Kretschmer wheat germ cereal regular,491.0,66.0,13.0,42.0
Rose apple raw,7.0,2.0,0.1,0.2
"Apricot nectar canned, with added ascorbic acid",141.0,36.0,0.2,1.0
"Pineapple raw, extra sweet variety",462.0,122.0,1.0,5.0
"Salt pork cured, raw",212.0,0.0,23.0,1.0
"Sweet corn yellow, frozen, kernels cut off cob, cooked, boiled, drained, unsalted",133.0,32.0,1.0,4.0
Garden cress raw,16.0,3.0,0.4,1.0
"Baked potato flesh, unsalted",145.0,34.0,0.2,3.0
Soybean sprouts raw,85.0,7.0,5.0,9.0
"Hot red chili peppers canned, seedless, solids and liquids",15.0,4.0,0.1,1.0
"Miracle Whip Free Kraft, fat-free, nonfat",13.0,2.0,0.4,0.0
"Pistachios dry roasted, unsalted",697.0,36.0,55.0,26.0
Atlantic herring raw,291.0,0.0,17.0,33.0
Rusk toast,58.0,10.0,1.0,2.0
Wheat crackers regular,129.0,20.0,5.0,2.0
"Hard pretzels plain, salted",109.0,23.0,1.0,3.0
"Chicken leg cooked, stewed, skinless",187.0,0.0,8.0,27.0
"Masa harina white, enriched",414.0,87.0,4.0,10.0
"Cranberries raw, wild, bush, Alaska Native",16.0,3.0,0.1,0.3
Meatless chicken,64.0,1.0,4.0,7.0
"Turkey sausage hot, smoked",45.0,1.0,2.0,4.0
Strawberry guava raw,168.0,42.0,1.0,1.0
"Peaches canned, light syrup, solids and liquids",136.0,37.0,0.1,1.0
"Mandarin oranges canned, juice pack, drained",72.0,18.0,0.1,1.0
Brussels sprouts frozen,372.0,71.0,4.0,34.0
"Microwaved potato microwaved, cooked in skin, flesh, unsalted",156.0,36.0,0.2,3.0
"Yam cooked, boiled, drained, or baked, salted",155.0,37.0,0.2,2.0
"Cabernet sauvignon red wine, table",122.0,4.0,0.0,0.1
"Silken tofu extra firm, silken, Mori-nu brand",16.0,1.0,1.0,2.0
Angel food cake mix dry mix,1504.0,354.0,1.0,26.0
Kellogg's All-Bran Bran Buds,231.0,73.0,2.0,8.0
"Bananas dehydrated, powder",346.0,88.0,2.0,4.0
"Sweet potato frozen, cooked, baked, salted",176.0,41.0,0.2,3.0
"White sweet corn frozen, kernels",144.0,34.0,1.0,5.0
"Straw mushrooms canned, drained",58.0,8.0,1.0,7.0
"Sesame seed kernels decorticated, toasted, unsalted",45.0,2.0,4.0,1.0
"Beef chuck arm pot roast raw, separable lean and fat, trimmed to 1/8"" fat, choice",71.0,0.0,5.0,5.0
"Caviar black and red, granular",75.0,1.0,5.0,7.0
Skipjack tuna raw,29.0,0.0,0.3,6.0
"Navy beans cooked, boiled, unsalted",255.0,47.0,1.0,15.0
Carob candy unsweetened,153.0,16.0,9.0,2.0
"White rice long-grain, parboiled, cooked, enriched",194.0,41.0,1.0,5.0
"Boxed macaroni and cheese dinner uncooked, dry sauce mix",107.0,20.0,1.0,4.0
Green goddess dressing regular,64.0,1.0,6.0,0.3
"Minestrone soup canned, condensed",167.0,23.0,5.0,9.0
"Beef bouillon prepared with water, powdered",7.0,1.0,0.2,1.0
Cheese sauce,438.0,17.0,33.0,17.0
Liver pâté canned,90.0,0.4,8.0,4.0
Roast beef spread,32.0,1.0,2.0,2.0
"Dried apples sulfured, stewed, added sugar",232.0,58.0,0.2,1.0
"Apricots canned, water pack, with skin, solids and liquids",66.0,16.0,0.4,2.0
"Asparagus canned, drained",3.0,0.4,0.1,0.4
"Kidney beans sprouted, cooked, boiled, drained, salted",79.0,11.0,1.0,12.0
Cashew butter salted,97.0,5.0,8.0,2.0
"Bottom round beef cooked, roasted, roast, separable lean and fat, trimmed to 0"" fat, select",50.0,0.0,2.0,8.0
"Atlantic cod cooked, dry heat",30.0,0.0,0.2,6.0
Spanish mackerel raw,39.0,0.0,2.0,5.0
Kellogg's All-Bran Complete Wheat Flakes,124.0,31.0,1.0,4.0
"Instant oats plain, fortified, prepared with water",341.0,58.0,7.0,12.0
Uncle Sam cereal,190.0,36.0,6.0,9.0
"Apples cooked, microwaved, peeled",95.0,24.0,1.0,0.5
"Apricots canned, heavy syrup, drained",182.0,47.0,0.2,1.0
Mango nectar canned,128.0,33.0,0.2,0.3
"Pork loin center loin chop bone-in, raw, lean only",226.0,0.0,7.0,39.0
"Lima beans immature, frozen, baby",216.0,41.0,1.0,12.0
"Tomato sauce canned, with onions",103.0,24.0,0.5,4.0
"Baked potato flesh, salted",145.0,34.0,0.2,3.0
"Tomato puree canned, salted",95.0,22.0,1.0,4.0
"Cured beef sausage cooked, smoked",88.0,1.0,8.0,4.0
Root beer carbonated,202.0,52.0,0.0,0.0
"Merlot table, red",122.0,4.0,0.0,0.1
"Channel catfish wild, raw",27.0,0.0,1.0,5.0
Orange roughy raw,65.0,0.0,1.0,14.0
"Clams mixed species, canned, drained",40.0,2.0,0.5,7.0
Black turtle soup beans canned,218.0,40.0,1.0,14.0
"Beef jerky chopped, formed",116.0,3.0,7.0,9.0
Marshmallow cream,91.0,22.0,0.1,0.2
Kellogg's All-Bran Complete Wheat Flakes,124.0,31.0,1.0,4.0
"Instant oats plain, fortified, prepared with water",341.0,58.0,7.0,12.0
Uncle Sam cereal,190.0,36.0,6.0,9.0
"Apples cooked, microwaved, peeled",95.0,24.0,1.0,0.5
"Apricots canned, heavy syrup, drained",182.0,47.0,0.2,1.0
Mango nectar canned,128.0,33.0,0.2,0.3
"Pork loin center loin chop bone-in, raw, lean only",226.0,0.0,7.0,39.0
"Lima beans immature, frozen, baby",216.0,41.0,1.0,12.0
"Tomato sauce canned, with onions",103.0,24.0,0.5,4.0
"Baked potato flesh, salted",145.0,34.0,0.2,3.0
"Tomato puree canned, salted",95.0,22.0,1.0,4.0
"Cured beef sausage cooked, smoked",88.0,1.0,8.0,4.0
Root beer carbonated,202.0,52.0,0.0,0.0
"Merlot table, red",122.0,4.0,0.0,0.1
"Channel catfish wild, raw",27.0,0.0,1.0,5.0
Orange roughy raw,65.0,0.0,1.0,14.0
"Clams mixed species, canned, drained",40.0,2.0,0.5,7.0
Black turtle soup beans canned,218.0,40.0,1.0,14.0
"Beef jerky chopped, formed",116.0,3.0,7.0,9.0
Marshmallow cream,91.0,22.0,0.1,0.2
Kellogg's All-Bran Complete Wheat Flakes,124.0,31.0,1.0,4.0
"Instant oats plain, fortified, prepared with water",341.0,58.0,7.0,12.0
Uncle Sam cereal,190.0,36.0,6.0,9.0
"Apples cooked, microwaved, peeled",95.0,24.0,1.0,0.5
"Apricots canned, heavy syrup, drained",182.0,47.0,0.2,1.0
Mango nectar canned,128.0,33.0,0.2,0.3
"Pork loin center loin chop bone-in, raw, lean only",226.0,0.0,7.0,39.0
"Lima beans immature, frozen, baby",216.0,41.0,1.0,12.0
"Tomato sauce canned, with onions",103.0,24.0,0.5,4.0
"Baked potato flesh, salted",145.0,34.0,0.2,3.0
"Tomato puree canned, salted",95.0,22.0,1.0,4.0
"Cured beef sausage cooked, smoked",88.0,1.0,8.0,4.0
Root beer carbonated,202.0,52.0,0.0,0.0
"Merlot table, red",122.0,4.0,0.0,0.1
"Channel catfish wild, raw",27.0,0.0,1.0,5.0
Orange roughy raw,65.0,0.0,1.0,14.0
"Clams mixed species, canned, drained",40.0,2.0,0.5,7.0
Black turtle soup beans canned,218.0,40.0,1.0,14.0
"Beef jerky chopped, formed",116.0,3.0,7.0,9.0
Marshmallow cream,91.0,22.0,0.1,0.2
Kellogg's All-Bran Complete Wheat Flakes,124.0,31.0,1.0,4.0
"Instant oats plain, fortified, prepared with water",341.0,58.0,7.0,12.0
Uncle Sam cereal,190.0,36.0,6.0,9.0
"Apples cooked, microwaved, peeled",95.0,24.0,1.0,0.5
"Apricots canned, heavy syrup, drained",182.0,47.0,0.2,1.0
Mango nectar canned,128.0,33.0,0.2,0.3
"Pork loin center loin chop bone-in, raw, lean only",226.0,0.0,7.0,39.0
"Lima beans immature, frozen, baby",216.0,41.0,1.0,12.0
"Tomato sauce canned, with onions",103.0,24.0,0.5,4.0
"Baked potato flesh, salted",145.0,34.0,0.2,3.0
"Tomato puree canned, salted",95.0,22.0,1.0,4.0
"Cured beef sausage cooked, smoked",88.0,1.0,8.0,4.0
Root beer carbonated,202.0,52.0,0.0,0.0
"Merlot table, red",122.0,4.0,0.0,0.1
"Channel catfish wild, raw",27.0,0.0,1.0,5.0
Orange roughy raw,65.0,0.0,1.0,14.0
"Clams mixed species, canned, drained",40.0,2.0,0.5,7.0
Black turtle soup beans canned,218.0,40.0,1.0,14.0
"Beef jerky chopped, formed",116.0,3.0,7.0,9.0
Marshmallow cream,91.0,22.0,0.1,0.2
Kellogg's All-Bran Complete Wheat Flakes,124.0,31.0,1.0,4.0
"Instant oats plain, fortified, prepared with water",341.0,58.0,7.0,12.0
Uncle Sam cereal,190.0,36.0,6.0,9.0
"Apples cooked, microwaved, peeled",95.0,24.0,1.0,0.5
"Apricots canned, heavy syrup, drained",182.0,47.0,0.2,1.0
Mango nectar canned,128.0,33.0,0.2,0.3
"Pork loin center loin chop bone-in, raw, lean only",226.0,0.0,7.0,39.0
"Lima beans immature, frozen, baby",216.0,41.0,1.0,12.0
"Tomato sauce canned, with onions",103.0,24.0,0.5,4.0
"Baked potato flesh, salted",145.0,34.0,0.2,3.0
"Tomato puree canned, salted",95.0,22.0,1.0,4.0
"Cured beef sausage cooked, smoked",88.0,1.0,8.0,4.0
Root beer carbonated,202.0,52.0,0.0,0.0
"Merlot table, red",122.0,4.0,0.0,0.1
"Channel catfish wild, raw",27.0,0.0,1.0,5.0
Orange roughy raw,65.0,0.0,1.0,14.0
"Clams mixed species, canned, drained",40.0,2.0,0.5,7.0
Black turtle soup beans canned,218.0,40.0,1.0,14.0
"Beef jerky chopped, formed",116.0,3.0,7.0,9.0
Marshmallow cream,91.0,22.0,0.1,0.2
Kellogg's All-Bran Complete Wheat Flakes,124.0,31.0,1.0,4.0
"Instant oats plain, fortified, prepared with water",341.0,58.0,7.0,12.0
Uncle Sam cereal,190.0,36.0,6.0,9.0
"Apples cooked, microwaved, peeled",95.0,24.0,1.0,0.5
"Apricots canned, heavy syrup, drained",182.0,47.0,0.2,1.0
Mango nectar canned,128.0,33.0,0.2,0.3
"Pork loin center loin chop bone-in, raw, lean only",226.0,0.0,7.0,39.0
"Lima beans immature, frozen, baby",216.0,41.0,1.0,12.0
"Tomato sauce canned, with onions",103.0,24.0,0.5,4.0
"Baked potato flesh, salted",145.0,34.0,0.2,3.0
"Tomato puree canned, salted",95.0,22.0,1.0,4.0
"Cured beef sausage cooked, smoked",88.0,1.0,8.0,4.0
Root beer carbonated,202.0,52.0,0.0,0.0
"Merlot table, red",122.0,4.0,0.0,0.1
"Channel catfish wild, raw",27.0,0.0,1.0,5.0
Orange roughy raw,65.0,0.0,1.0,14.0
"Clams mixed species, canned, drained",40.0,2.0,0.5,7.0
Black turtle soup beans canned,218.0,40.0,1.0,14.0
"Beef jerky chopped, formed",116.0,3.0,7.0,9.0
Marshmallow cream,91.0,22.0,0.1,0.2
Kellogg's All-Bran Complete Wheat Flakes,124.0,31.0,1.0,4.0
"Instant oats plain, fortified, prepared with water",341.0,58.0,7.0,12.0
Uncle Sam cereal,190.0,36.0,6.0,9.0
"Apples cooked, microwaved, peeled",95.0,24.0,1.0,0.5
"Apricots canned, heavy syrup, drained",182.0,47.0,0.2,1.0
Mango nectar canned,128.0,33.0,0.2,0.3
"Pork loin center loin chop bone-in, raw, lean only",226.0,0.0,7.0,39.0
"Lima beans immature, frozen, baby",216.0,41.0,1.0,12.0
"Tomato sauce canned, with onions",103.0,24.0,0.5,4.0
"Baked potato flesh, salted",145.0,34.0,0.2,3.0
"Tomato puree canned, salted",95.0,22.0,1.0,4.0
"Cured beef sausage cooked, smoked",88.0,1.0,8.0,4.0
Root beer carbonated,202.0,52.0,0.0,0.0
"Merlot table, red",122.0,4.0,0.0,0.1
"Channel catfish wild, raw",27.0,0.0,1.0,5.0
Orange roughy raw,65.0,0.0,1.0,14.0
"Clams mixed species, canned, drained",40.0,2.0,0.5,7.0
Black turtle soup beans canned,218.0,40.0,1.0,14.0
"Beef jerky chopped, formed",116.0,3.0,7.0,9.0
Marshmallow cream,91.0,22.0,0.1,0.2
